user_id,churn_prob_v2,risk_tier_v2
U003094,0.7195261666282644,High
U009701,0.708566712936303,High
U001186,0.7034120936037178,High
U008668,0.6989829369259358,High
U009636,0.6951056417270228,High
U003023,0.6859492138680336,High
U009663,0.6858673635884052,High
U000467,0.6852115439403355,High
U008299,0.6831874926380417,High
U007402,0.6811527683589628,High
U003568,0.6804478308993325,High
U007624,0.6785843679173429,High
U000745,0.677637070678394,High
U007252,0.6772948918296039,High
U009388,0.6766997325155519,High
U008914,0.6762654294951624,High
U008695,0.6755184564364524,High
U001593,0.6734466001583115,High
U004852,0.6720511720985417,High
U007782,0.6719272661462317,High
U003775,0.6716956398678177,High
U004122,0.6716148456612689,High
U007865,0.6713247113424672,High
U003475,0.6712503782174221,High
U009816,0.6695375981448922,High
U004226,0.6683965087282098,High
U000987,0.6678727917470972,High
U002083,0.6672904407135244,High
U004019,0.6654473304725003,High
U008458,0.6641151088587328,High
U005923,0.6636306320270619,High
U004164,0.6633161033294698,High
U000902,0.6630722686061187,High
U008468,0.6630620274725718,High
U009590,0.6618900518485928,High
U005296,0.6616360372829891,High
U008420,0.6590903418608505,High
U001844,0.6587824284796472,High
U003041,0.658670503951204,High
U002086,0.657862599246812,High
U006530,0.6578007827521248,High
U005658,0.6567558690036907,High
U005251,0.6566401378028442,High
U009138,0.654954080685192,High
U009861,0.654380935147609,High
U005766,0.6531646287504025,High
U005801,0.6527370645359583,High
U003750,0.6519426892425209,High
U005966,0.6492439954937284,Medium
U006111,0.6489734449327526,Medium
U009821,0.6487624443300206,Medium
U005259,0.6482684857248733,Medium
U007434,0.6473353398393359,Medium
U009064,0.6473118780417813,Medium
U006892,0.6470418081233956,Medium
U008986,0.6469817507361807,Medium
U001981,0.6461126201426332,Medium
U005238,0.645353325533441,Medium
U002148,0.6453403931058977,Medium
U004802,0.6448476510194491,Medium
U000123,0.6440184570124784,Medium
U007567,0.6435869844333775,Medium
U001514,0.6434174229265687,Medium
U007261,0.6419042483189242,Medium
U006445,0.6412438638328729,Medium
U004537,0.6406244426921983,Medium
U009215,0.640484199560211,Medium
U007552,0.639521588534349,Medium
U000347,0.6389123769189657,Medium
U006707,0.6384984344767424,Medium
U006242,0.6383696268634361,Medium
U002347,0.6369878730702212,Medium
U003559,0.6366675046794318,Medium
U005040,0.6365500198163505,Medium
U008871,0.6356241657277777,Medium
U008564,0.6355786451728278,Medium
U005371,0.6354520282626416,Medium
U006859,0.6353538898095802,Medium
U003557,0.635159776699152,Medium
U008729,0.6351352812997081,Medium
U008775,0.6349005555870711,Medium
U009321,0.6347044977005799,Medium
U002650,0.6345490498746952,Medium
U007357,0.6340879691485242,Medium
U008201,0.6329532990938328,Medium
U004629,0.6328712509081065,Medium
U007398,0.6321518408465281,Medium
U000155,0.6315257651027122,Medium
U004457,0.6312341311307198,Medium
U005720,0.6309818857441277,Medium
U000592,0.6307660799390293,Medium
U008507,0.6305124363390809,Medium
U002255,0.6294954402497636,Medium
U007767,0.6290770790638084,Medium
U007546,0.6287459706008995,Medium
U004702,0.6280935428208232,Medium
U002489,0.6279293375961116,Medium
U006094,0.6273689663646057,Medium
U000557,0.6265773861453643,Medium
U001296,0.6263887240771379,Medium
U006508,0.6261209078267387,Medium
U005154,0.626086978251226,Medium
U007627,0.6258820125214994,Medium
U007435,0.6256809168312278,Medium
U003361,0.625058433103565,Medium
U005468,0.6242715676011344,Medium
U009262,0.6242662495846583,Medium
U001254,0.624018794513139,Medium
U000951,0.6240023376819661,Medium
U009759,0.6238253604120656,Medium
U007739,0.6235471016087666,Medium
U000879,0.6235172018400057,Medium
U002758,0.623160957373176,Medium
U000370,0.6231042805994331,Medium
U001190,0.622082377154682,Medium
U000006,0.6219160751558005,Medium
U003767,0.6214778399248113,Medium
U007203,0.6212937105517643,Medium
U009952,0.6212044941621004,Medium
U005118,0.621184517616941,Medium
U004795,0.6207065955022968,Medium
U005815,0.6206883397581743,Medium
U001776,0.6203489829497554,Medium
U009200,0.6203228026260189,Medium
U008916,0.6202578811013268,Medium
U004708,0.6202470067584799,Medium
U009129,0.620121225336637,Medium
U006526,0.6197924958772618,Medium
U006789,0.6193921541116221,Medium
U002841,0.6190011116669961,Medium
U000257,0.6185769401937876,Medium
U006465,0.6185001859237252,Medium
U000170,0.6183530428528727,Medium
U005126,0.6174341636836742,Medium
U008845,0.6173066993621004,Medium
U007980,0.6170909779496755,Medium
U008092,0.6165558661429384,Medium
U003153,0.6147387967935106,Medium
U000859,0.6139724120441251,Medium
U008181,0.6139702482239464,Medium
U009769,0.6138499071862527,Medium
U007659,0.6134113277435641,Medium
U003467,0.6132520869332168,Medium
U001894,0.6132492480285983,Medium
U005254,0.6132016481663922,Medium
U005983,0.6131856031173247,Medium
U007346,0.6130111296951477,Medium
U003024,0.6128605300025183,Medium
U007788,0.6122298258725654,Medium
U005084,0.6113819706871414,Medium
U005904,0.6110827304533365,Medium
U002572,0.6108768530340459,Medium
U005250,0.6108573671158567,Medium
U002081,0.6105669473673139,Medium
U009136,0.6104763418996738,Medium
U005146,0.6096158943804194,Medium
U006236,0.6094866488551882,Medium
U002644,0.6092599205428172,Medium
U006898,0.6089495262878228,Medium
U005088,0.6085337372713894,Medium
U001141,0.6084337855055407,Medium
U002318,0.6081387550018927,Medium
U009607,0.6077730351380387,Medium
U002814,0.6074426679144755,Medium
U002961,0.6071882323356478,Medium
U008265,0.6071773899750782,Medium
U001910,0.6071614552375241,Medium
U005060,0.6071004278276667,Medium
U006047,0.6069854081775666,Medium
U008852,0.6068064176379951,Medium
U007281,0.6060982972287919,Medium
U001665,0.6058520426077146,Medium
U005785,0.6056562214475208,Medium
U008814,0.6055869291795463,Medium
U007780,0.6054023991806271,Medium
U005219,0.6052446065513285,Medium
U001975,0.6046443149186926,Medium
U008165,0.6045614917086269,Medium
U002523,0.6039836429931829,Medium
U001879,0.6038579928457013,Medium
U004704,0.6029080716774475,Medium
U001728,0.6025240745418626,Medium
U006487,0.6024581163939118,Medium
U009526,0.6022540264814326,Medium
U005221,0.6022527471177164,Medium
U002669,0.6021886224204474,Medium
U004983,0.602049204520529,Medium
U005707,0.6019386487825473,Medium
U009956,0.6018316990170388,Medium
U009208,0.6017303124443445,Medium
U005201,0.6008290043123653,Medium
U009592,0.6007218344753643,Medium
U000372,0.6006442317108875,Medium
U003246,0.600149673155878,Medium
U000224,0.6001240821960555,Medium
U008690,0.5998851509545917,Medium
U003118,0.5997341039870272,Medium
U007438,0.5996664133261219,Medium
U001798,0.5995533951845187,Medium
U003091,0.5994921678179356,Medium
U004043,0.5993929197034104,Medium
U000498,0.5993216405417245,Medium
U002159,0.5991577860748674,Medium
U006304,0.5990263446227638,Medium
U000803,0.5987323597356846,Medium
U000518,0.5984774747739179,Medium
U002532,0.5984604407312042,Medium
U006846,0.5981267126920874,Medium
U007854,0.5980522863575485,Medium
U006175,0.5978583944385323,Medium
U005501,0.5977448706121726,Medium
U007089,0.5976453518059575,Medium
U007629,0.597584111539909,Medium
U009674,0.5975451557812248,Medium
U002944,0.5969709657842471,Medium
U008892,0.5968479810866145,Medium
U009476,0.59670673524713,Medium
U000680,0.5964618892323408,Medium
U004084,0.5956009366567652,Medium
U009890,0.5954778249552851,Medium
U008578,0.5953688162866556,Medium
U003056,0.5951018795994375,Medium
U003236,0.5950018655807794,Medium
U007299,0.5949363286969066,Medium
U000716,0.59483221949766,Medium
U000706,0.5948021201795466,Medium
U001533,0.594759912116796,Medium
U001236,0.5943422213823818,Medium
U006997,0.5942015002739452,Medium
U003946,0.594189286059008,Medium
U004435,0.5938463694913866,Medium
U005548,0.5936508591828743,Medium
U001937,0.5931423482274076,Medium
U002075,0.5929350221329538,Medium
U008686,0.5928006449595192,Medium
U008049,0.5927187849167675,Medium
U007469,0.5926779684061101,Medium
U006399,0.5926396040409766,Medium
U003538,0.5925689348314476,Medium
U008194,0.5923555042205768,Medium
U003821,0.5921772709108559,Medium
U001430,0.5921617161362469,Medium
U005281,0.5915939784942389,Medium
U006544,0.5915184090986416,Medium
U001082,0.5914786808331378,Medium
U001298,0.5913679458376825,Medium
U001786,0.5904132717091539,Medium
U006347,0.5896055549177807,Medium
U006101,0.5895898187031428,Medium
U009483,0.5894931746986956,Medium
U003901,0.5891941566532808,Medium
U008402,0.5891391618073166,Medium
U004303,0.5886736401556014,Medium
U000443,0.5885680257887245,Medium
U005360,0.5885301528444349,Medium
U000375,0.5884707842979099,Medium
U002815,0.5881623713611482,Medium
U006349,0.5881568549947761,Medium
U008672,0.5881119072419224,Medium
U009270,0.5879858718342226,Medium
U002451,0.587873591666711,Medium
U003874,0.5876789703152471,Medium
U003964,0.587075904267658,Medium
U006330,0.5866545043808817,Medium
U003042,0.5865171645836305,Medium
U000297,0.5857949593892637,Medium
U009296,0.5855601028276596,Medium
U006599,0.5854751596619894,Medium
U009079,0.5848690543205682,Medium
U008460,0.5847674881447715,Medium
U008866,0.5837359113616863,Medium
U008877,0.5836449226020998,Medium
U004700,0.5835021068810985,Medium
U007823,0.5834473890424188,Medium
U005611,0.5832938165188201,Medium
U002593,0.5831544995309124,Medium
U000396,0.5831486394315235,Medium
U004362,0.5826779975236932,Medium
U001797,0.5825702183654958,Medium
U005064,0.5825339002189786,Medium
U004097,0.5822042673505489,Medium
U005518,0.5821390352580521,Medium
U000550,0.581953506447597,Medium
U003806,0.5818503495389212,Medium
U001287,0.5815691233389073,Medium
U000132,0.5815163115322048,Medium
U000472,0.5812666578072478,Medium
U000613,0.5811770784423695,Medium
U001635,0.5811616552408128,Medium
U007522,0.5810743097230098,Medium
U009722,0.5809441585771891,Medium
U007314,0.5807393196486058,Medium
U000590,0.5802015377857648,Medium
U006139,0.5798727132325716,Medium
U004312,0.5797009386564218,Medium
U003127,0.579671662550184,Medium
U009100,0.5795354628293058,Medium
U008280,0.5794564687760551,Medium
U007541,0.5792957549891594,Medium
U005491,0.5789368639546255,Medium
U009946,0.5787744344839238,Medium
U004381,0.5786898031074449,Medium
U003718,0.5785448416915492,Medium
U005015,0.5784900457941347,Medium
U004837,0.578314672666457,Medium
U005155,0.5782896940478314,Medium
U001972,0.578280451242009,Medium
U006467,0.5781711293704936,Medium
U008789,0.5778565199629303,Medium
U003439,0.5776670435945602,Medium
U002812,0.5773470818382042,Medium
U006718,0.577298581059597,Medium
U001816,0.5772906360151713,Medium
U004590,0.5769379902123063,Medium
U006748,0.5768426674624464,Medium
U002482,0.5768053492356878,Medium
U007443,0.5766229753505866,Medium
U005889,0.576567661474375,Medium
U001505,0.5763984924178768,Medium
U000927,0.5760689154929971,Medium
U007391,0.5759547588734663,Medium
U007998,0.5755346383229478,Medium
U009244,0.5752860079466035,Medium
U001739,0.5750693553953854,Medium
U005790,0.5750345790644875,Medium
U007171,0.5749645365023781,Medium
U000327,0.5745293627347479,Medium
U008581,0.5744383650749713,Medium
U007538,0.5742750593469724,Medium
U009511,0.5741220035182963,Medium
U009106,0.5738427803121227,Medium
U009889,0.5737994454114577,Medium
U008350,0.573689805734211,Medium
U000384,0.5734214583914585,Medium
U004497,0.5734119345209604,Medium
U003384,0.573203599489649,Medium
U009417,0.5730842660364107,Medium
U003566,0.5727809685393734,Medium
U004069,0.5724604258844183,Medium
U001576,0.5724454724491103,Medium
U006152,0.5722505665012576,Medium
U006567,0.5720862198427739,Medium
U008630,0.5718667949690622,Medium
U001422,0.5715218930329626,Medium
U008950,0.5714960904313293,Medium
U004715,0.571390189539326,Medium
U007639,0.5712458836813463,Medium
U003586,0.5711952247702977,Medium
U003352,0.57107641360558,Medium
U004200,0.5708919835144554,Medium
U003956,0.5703777139634335,Medium
U006555,0.5702279222440874,Medium
U001483,0.5700783461736778,Medium
U001942,0.5700705010968531,Medium
U008198,0.5699873856310735,Medium
U000157,0.5695515030461068,Medium
U003296,0.5688905452043006,Medium
U001041,0.5686922922462487,Medium
U007515,0.5686176939978016,Medium
U001476,0.5685583591743982,Medium
U004212,0.5684604181560874,Medium
U003068,0.5682636611437167,Medium
U003678,0.5681572217619645,Medium
U006501,0.5680369499471054,Medium
U005961,0.5678270858613463,Medium
U004172,0.5674580966368137,Medium
U004110,0.5673304517826586,Medium
U002940,0.5670509910797423,Medium
U001662,0.5670162095463659,Medium
U004401,0.5669156507014903,Medium
U005454,0.5666779961216998,Medium
U009121,0.5665604593722365,Medium
U001956,0.5665216559047146,Medium
U006908,0.5663893319393861,Medium
U005184,0.5661430214282461,Medium
U005958,0.56614030782139,Medium
U008111,0.5661240091684243,Medium
U009109,0.5659280640077714,Medium
U009474,0.5656930318495869,Medium
U008499,0.5656134077340194,Medium
U000617,0.5655594543477321,Medium
U009915,0.5653170881372946,Medium
U004087,0.5651684821057604,Medium
U005022,0.5651624634768077,Medium
U003244,0.565154029445968,Medium
U007755,0.5650401316061381,Medium
U002859,0.5650393043852242,Medium
U001680,0.5650170415298105,Medium
U003108,0.5649544320769637,Medium
U009719,0.5648453480894094,Medium
U008074,0.5644842301222678,Medium
U003320,0.5644071807559896,Medium
U008175,0.5643710230600042,Medium
U001509,0.5640778627136828,Medium
U008416,0.5633642084946685,Medium
U006518,0.5632671838542296,Medium
U003240,0.5629347626518262,Medium
U003764,0.5629218276022131,Medium
U002927,0.5627845436973145,Medium
U009180,0.562627149859376,Medium
U008227,0.5624345827860587,Medium
U000895,0.562373545058612,Medium
U000302,0.5619966449082505,Medium
U000240,0.5619843435161865,Medium
U001316,0.5619134661965486,Medium
U005497,0.5616252427086917,Medium
U001569,0.5614719112954388,Medium
U009304,0.5614389223016802,Medium
U000840,0.5612027052760199,Medium
U008440,0.5610360882618558,Medium
U001545,0.560984516790012,Medium
U004255,0.5608247727343402,Medium
U007399,0.5607258907817296,Medium
U003932,0.5605815810653242,Medium
U005817,0.5605200373114176,Medium
U008369,0.5604787113358698,Medium
U009264,0.5603698176943929,Medium
U003861,0.56017587350096,Medium
U005388,0.5600017524237716,Medium
U003258,0.5599832317190849,Medium
U003088,0.5597139835814915,Medium
U001818,0.5594617995362755,Medium
U008451,0.5594259347006614,Medium
U004943,0.5593463431809799,Medium
U000342,0.5593117921917551,Medium
U007125,0.5592466587380714,Medium
U000583,0.5592365183002467,Medium
U005955,0.5589284166056723,Medium
U009761,0.5587070460706394,Medium
U009480,0.558564480903419,Medium
U008406,0.5585252448990018,Medium
U009643,0.5584104445830377,Medium
U006902,0.5583994584263614,Medium
U002639,0.5583512338570535,Medium
U007804,0.5582372764586562,Medium
U009428,0.5581398545697295,Medium
U002778,0.5581231668270444,Medium
U006407,0.558095951513356,Medium
U009330,0.557738532801923,Medium
U009414,0.5572472466632815,Medium
U004937,0.5572216966637996,Medium
U006670,0.5571915792641872,Medium
U008495,0.5568426479442198,Medium
U006007,0.5564410223973791,Medium
U008071,0.5562841664023674,Medium
U009475,0.5560353386067237,Medium
U004686,0.5558934343480615,Medium
U008797,0.5558888322871545,Medium
U005409,0.5558679677712374,Medium
U009647,0.5558547600277317,Medium
U005770,0.5557335990071952,Medium
U004791,0.55559704093256,Medium
U000429,0.5554649719325486,Medium
U006585,0.555209332657949,Medium
U000273,0.555064137728878,Medium
U007765,0.5549672167960752,Medium
U000653,0.5548619163602152,Medium
U000581,0.5545890808207479,Medium
U007413,0.5545767869524226,Medium
U004061,0.5544402512089109,Medium
U005152,0.5544119223551781,Medium
U008400,0.5543763495914346,Medium
U008389,0.554294653997705,Medium
U004469,0.5542551233562701,Medium
U004105,0.554159931807121,Medium
U005697,0.5535918605444904,Medium
U003289,0.5535125213258576,Medium
U004386,0.5532879702829834,Medium
U007071,0.5532284210163029,Medium
U009122,0.5531988324533385,Medium
U004281,0.553124401145089,Medium
U002729,0.5531127244673645,Medium
U005349,0.5529882586516612,Medium
U003345,0.5529390183766021,Medium
U008651,0.5528109957525879,Medium
U005266,0.5527871815126096,Medium
U002543,0.5527703537889785,Medium
U000856,0.5524538298876855,Medium
U002630,0.5524508347403997,Medium
U008777,0.552436678453718,Medium
U004502,0.5522540609028832,Medium
U007372,0.5520875677976114,Medium
U005157,0.5519495256470096,Medium
U001131,0.5518904622624021,Medium
U007827,0.5517791880123852,Medium
U006390,0.5517079332228586,Medium
U003242,0.5516398467251503,Medium
U007316,0.5514877453594547,Medium
U004618,0.5513399536103035,Medium
U005824,0.5511556967685495,Medium
U002721,0.5509909025288112,Medium
U007293,0.5508223290669788,Medium
U004554,0.5504563230389702,Medium
U009335,0.55044609937749,Medium
U007834,0.5504440881908853,Medium
U009356,0.5504088543902561,Medium
U000992,0.550157909305863,Medium
U004865,0.5500791171686694,Medium
U000356,0.5499306811207202,Medium
U006711,0.5499077544191605,Medium
U006653,0.5498878243290227,Medium
U000526,0.5498180019066644,Medium
U004383,0.5495185644784377,Medium
U008607,0.5494728288783336,Medium
U003385,0.5493449513507656,Medium
U001801,0.5493310646931925,Medium
U005534,0.5493069722314411,Medium
U007444,0.5492982721357146,Medium
U001790,0.5491675618968301,Medium
U002829,0.5490378637913277,Medium
U005602,0.5490067066519427,Medium
U004735,0.5488840680780469,Medium
U007957,0.5486051347273134,Medium
U003150,0.54831216579834,Medium
U006058,0.5482296120063083,Medium
U006238,0.548077330085397,Medium
U004675,0.5480301806058864,Medium
U000486,0.547950374035038,Medium
U008530,0.5478252257129568,Medium
U000726,0.5475962547859422,Medium
U008520,0.5474658970946865,Medium
U004470,0.5473204896351205,Medium
U004644,0.5472277920996225,Medium
U006414,0.5470652276379018,Medium
U002208,0.5469487215693227,Medium
U004465,0.5468547170156718,Medium
U009283,0.5468240900633524,Medium
U009166,0.5468100601114333,Medium
U005716,0.5466726723319282,Medium
U003052,0.546547541117605,Medium
U006736,0.5463778200763107,Medium
U009220,0.5463436810177764,Medium
U003507,0.5462856328174209,Medium
U004601,0.5462747110591191,Medium
U002238,0.5459996617466282,Medium
U003706,0.5459501696777275,Medium
U004534,0.5459433738864614,Medium
U007934,0.545606656566365,Medium
U000358,0.5455928064857448,Medium
U007186,0.5454839506340934,Medium
U006912,0.5452090171590344,Medium
U006093,0.5450954291320571,Medium
U007175,0.5450818983857413,Medium
U001642,0.5450272971419249,Medium
U003368,0.5450173062085789,Medium
U003468,0.5449205141819391,Medium
U001156,0.5447019722024325,Medium
U003484,0.5444696793581643,Medium
U009780,0.5444173238199966,Medium
U000007,0.5438179734909283,Medium
U005942,0.5438129884246885,Medium
U007447,0.5436305614687154,Medium
U002913,0.5435913380470228,Medium
U006276,0.5433574953457355,Medium
U002357,0.543339789098471,Medium
U006226,0.5432207460922288,Medium
U005428,0.542706074668425,Medium
U005323,0.5423964953725647,Medium
U002985,0.5423796900571063,Medium
U006167,0.5423663040407479,Medium
U008235,0.5423489578382129,Medium
U008603,0.5421576187338859,Medium
U006024,0.542075315676425,Medium
U008742,0.5419270887475695,Medium
U002348,0.5418360138399557,Medium
U005043,0.5417506127319454,Medium
U005517,0.5416985857334009,Medium
U009405,0.541631696996842,Medium
U007745,0.5414181792588384,Medium
U000171,0.5413797932008232,Medium
U008372,0.5412227743469605,Medium
U006475,0.5412227505938684,Medium
U008086,0.5412048870324352,Medium
U006105,0.541121888812979,Medium
U007784,0.5409925468000556,Medium
U001536,0.5408034201688097,Medium
U001464,0.5407318844184468,Medium
U005204,0.5406428691260733,Medium
U001583,0.5406219225908035,Medium
U001697,0.5401519642535886,Medium
U007474,0.5400935396903447,Medium
U002261,0.5397847008595572,Medium
U004475,0.5395326559422913,Medium
U006364,0.5394496180777999,Medium
U004179,0.5393847440253952,Medium
U003113,0.5393342334965778,Medium
U009932,0.5392819097760946,Medium
U008643,0.5391643115020053,Medium
U008523,0.5391581967809138,Medium
U002584,0.5391246305518383,Medium
U001762,0.5390539914680199,Medium
U009337,0.5390481693231466,Medium
U007964,0.5390043333767022,Medium
U008134,0.5388356133490048,Medium
U005503,0.5386250627745661,Medium
U003535,0.5385921685616324,Medium
U005446,0.5384607083156907,Medium
U002889,0.5382236143041688,Medium
U006596,0.5381418693607101,Medium
U001066,0.5378706697534082,Medium
U001114,0.5376293594120319,Medium
U000322,0.5375587345949868,Medium
U001182,0.5375236223388665,Medium
U002683,0.537520975701979,Medium
U002554,0.5374949380289837,Medium
U003154,0.5367327978588498,Medium
U004145,0.5367108316317692,Medium
U000588,0.5366097168406623,Medium
U007119,0.5365198882378902,Medium
U000624,0.5363994743899156,Medium
U008147,0.5363264830436939,Medium
U000647,0.536123333811347,Medium
U006931,0.5359074777000368,Medium
U009307,0.5358757654148465,Medium
U008632,0.5358402629345206,Medium
U001985,0.5355995052827836,Medium
U005974,0.5355136098439498,Medium
U008007,0.5353652057490422,Medium
U004466,0.5353240992904941,Medium
U000105,0.5353108224539214,Medium
U009564,0.5352878943436046,Medium
U004033,0.5352426776140633,Medium
U007477,0.5350857466047703,Medium
U001647,0.5350815504099676,Medium
U009688,0.534689619954413,Medium
U004205,0.534686321327008,Medium
U009351,0.5346411817661404,Medium
U004929,0.534625248198333,Medium
U007608,0.5345829787748928,Medium
U003448,0.5345556557706908,Medium
U006048,0.5343339365161718,Medium
U008241,0.5342217952639557,Medium
U007717,0.5341732008527805,Medium
U008519,0.5340695022797184,Medium
U006466,0.5340584866512403,Medium
U004812,0.5340047561521188,Medium
U002165,0.5339145755152216,Medium
U000320,0.5337728058745467,Medium
U009352,0.533768949713464,Medium
U005747,0.5337566851225509,Medium
U009450,0.533672443667429,Medium
U006600,0.5336399462464201,Medium
U003822,0.5334950870720923,Medium
U004599,0.533492125312755,Medium
U000778,0.5334152346548918,Medium
U005094,0.5332580632425505,Medium
U009320,0.5332457293897312,Medium
U000735,0.5330546311415199,Medium
U007666,0.5329319685225355,Medium
U004305,0.5327108468845044,Medium
U002930,0.5326720022954473,Medium
U003809,0.5325903009774462,Medium
U006376,0.5325592798362996,Medium
U007452,0.5324975020038176,Medium
U001106,0.5322766654631215,Medium
U005434,0.5322644339875666,Medium
U001686,0.5319451681039511,Medium
U004126,0.5318812364348783,Medium
U006865,0.5318708945471857,Medium
U005976,0.5318483975862887,Medium
U009920,0.5316732770129139,Medium
U000194,0.5315853644022884,Medium
U009962,0.5314412442283387,Medium
U000101,0.5313885188419565,Medium
U008675,0.5313452333428255,Medium
U004695,0.5312914638617144,Medium
U002711,0.5312717516721431,Medium
U007727,0.5312095167701582,Medium
U002191,0.5312024597758026,Medium
U009712,0.5310376009353599,Medium
U006271,0.5309876971782326,Medium
U000118,0.5309836658314382,Medium
U005557,0.530934161737839,Medium
U007046,0.5308336646727331,Medium
U000877,0.5307676891037748,Medium
U008878,0.5306718588390659,Medium
U005821,0.530636281364719,Medium
U004920,0.5304783347699237,Medium
U008084,0.530271592041212,Medium
U003438,0.5301594090339121,Medium
U000313,0.5300728585467084,Medium
U009568,0.5300726299318816,Medium
U008407,0.5300666318929386,Medium
U003362,0.5297503333581287,Medium
U007786,0.5295553066715105,Medium
U005671,0.5295145304907308,Medium
U007783,0.5294611129000666,Medium
U005968,0.5291696292641531,Medium
U007523,0.5290572353759405,Medium
U004522,0.5290481692467691,Medium
U008728,0.5290372391146562,Medium
U005814,0.5289174701691175,Medium
U006478,0.5288716317963624,Medium
U000415,0.5287019953543612,Medium
U004104,0.5285413624465434,Medium
U004454,0.5285393042506543,Medium
U005197,0.5283792867803907,Medium
U007792,0.5283515495792829,Medium
U000457,0.5282781483858322,Medium
U008328,0.5281679487188826,Medium
U005838,0.5281319377015703,Medium
U000911,0.5281233346872082,Medium
U001701,0.5280543270907253,Medium
U009957,0.5279718527346338,Medium
U003510,0.5279502550954133,Medium
U003493,0.5278989190730705,Medium
U009763,0.5278905220814015,Medium
U007756,0.5276830243001185,Medium
U002280,0.5276800244877102,Medium
U005372,0.5275934138918491,Medium
U001638,0.5275350077352541,Medium
U004636,0.5274107286691638,Medium
U009142,0.5274095357833483,Medium
U007880,0.5273243198477531,Medium
U001324,0.5272510431717572,Medium
U002004,0.527209161447466,Medium
U001747,0.526837404162303,Medium
U005853,0.5267080179427979,Medium
U002308,0.5266833613248838,Medium
U008800,0.5266662741265478,Medium
U008504,0.5263129945738255,Medium
U007270,0.5260801140880812,Medium
U007027,0.5259072191298169,Medium
U000870,0.5258516447644974,Medium
U002594,0.5258465795344801,Medium
U002611,0.5258412764504338,Medium
U005701,0.5257323412301772,Medium
U003743,0.525611603326342,Medium
U008980,0.5255728583091431,Medium
U001034,0.525329633810414,Medium
U003398,0.5253247196577532,Medium
U000237,0.5252587068053657,Medium
U006176,0.5252273395636387,Medium
U004843,0.5251908392452928,Medium
U000750,0.5251634996626329,Medium
U001325,0.5251043163611601,Medium
U007900,0.5250018512844433,Medium
U004258,0.5249335244405111,Medium
U001255,0.5248495924974472,Medium
U009481,0.5248413417394873,Medium
U000488,0.5246514908905847,Medium
U004907,0.5246238942347132,Medium
U002591,0.5245714731670195,Medium
U004619,0.5245327195686985,Medium
U006964,0.5244445022025381,Medium
U006127,0.5244007786868707,Medium
U008956,0.5243366559503855,Medium
U009587,0.5242944461635775,Medium
U001581,0.5242898919874716,Medium
U005271,0.5241265142952563,Medium
U007406,0.5241229245868267,Medium
U002575,0.5239519614716637,Medium
U006580,0.523805267810222,Medium
U004814,0.5237100030580935,Medium
U006227,0.5236134627592187,Medium
U004570,0.5235543135969185,Medium
U006270,0.5234435547749098,Medium
U007200,0.523416152439317,Medium
U002473,0.5231947456016429,Medium
U009409,0.5231183620733504,Medium
U007193,0.5227271445409414,Medium
U008082,0.5226383998996197,Medium
U002641,0.5225532298982698,Medium
U007077,0.5225409984132118,Medium
U007758,0.5225098007000529,Medium
U004256,0.5224994251887435,Medium
U008278,0.5224756181441508,Medium
U004571,0.5224273482726131,Medium
U001144,0.5223536132943761,Medium
U005460,0.5222418298931468,Medium
U004759,0.5221653089925155,Medium
U007953,0.5220951208298422,Medium
U003372,0.5220750559116559,Medium
U008163,0.521899906021543,Medium
U007464,0.5216912054463311,Medium
U006291,0.521685548059628,Medium
U005873,0.5216623814184748,Medium
U006550,0.5215719156312378,Medium
U007790,0.5214178266183418,Medium
U004326,0.5214061869447041,Medium
U000708,0.5213280572616514,Medium
U009606,0.5211397821549175,Medium
U005865,0.5211324536308654,Medium
U002383,0.521122406510979,Medium
U008185,0.5211140239481568,Medium
U000853,0.5210008737965857,Medium
U005527,0.520962249710206,Medium
U005970,0.5208857002283892,Medium
U002801,0.5208594672754705,Medium
U000130,0.520479583477864,Medium
U005215,0.520335412461487,Medium
U002376,0.5202251169396599,Medium
U009938,0.5201412349804975,Medium
U004459,0.5201405333868157,Medium
U009576,0.5201340829672475,Medium
U003164,0.5200808309415531,Medium
U000661,0.5198952122065827,Medium
U000025,0.5197678106466463,Medium
U005919,0.5197194026047476,Medium
U009935,0.5197121581452816,Medium
U000487,0.5192316026844723,Medium
U000965,0.5191751144777356,Medium
U003643,0.5190835643554099,Medium
U004657,0.5187709136132584,Medium
U009362,0.5186944307911403,Medium
U003832,0.5186749966202102,Medium
U000695,0.5186721576676988,Medium
U003699,0.5186381382429088,Medium
U002827,0.5185932025165378,Medium
U004798,0.5185440306456759,Medium
U009488,0.5182846212556197,Medium
U006720,0.5181645860263498,Medium
U003779,0.5181173234783498,Medium
U005877,0.5179615464209895,Medium
U000876,0.5174969991054639,Medium
U007318,0.5174014170702823,Medium
U006351,0.5173180394763776,Medium
U009706,0.5171356377451445,Medium
U007000,0.5171170182997035,Medium
U003386,0.5170977744364119,Medium
U008770,0.5170484243261653,Medium
U008359,0.517045209713834,Medium
U003461,0.5170096489238235,Medium
U008498,0.51694054209157,Medium
U008813,0.5168040589668589,Medium
U001037,0.5167742894311681,Medium
U008547,0.5167538429498454,Medium
U006309,0.5165386614462893,Medium
U000858,0.5164757786470918,Medium
U006810,0.5163922447340876,Medium
U008463,0.5163852645102245,Medium
U003975,0.516185751999885,Medium
U002947,0.5160625371671891,Medium
U006507,0.516042868084386,Medium
U009196,0.5159630594816846,Medium
U008028,0.5158873381484835,Medium
U005911,0.5158672574245695,Medium
U005609,0.5158567816980159,Medium
U009848,0.5157919595705518,Medium
U007338,0.5157252607580944,Medium
U007178,0.5157106580658932,Medium
U008276,0.5154653676474368,Medium
U007605,0.5153807963474946,Medium
U003112,0.5153611957318041,Medium
U008699,0.515285124249303,Medium
U007190,0.5152201583044647,Medium
U006969,0.5150843819705373,Medium
U001138,0.5150101613473989,Medium
U004185,0.5149802216893534,Medium
U003307,0.5149170542501066,Medium
U007516,0.5147749743392348,Medium
U005442,0.5146208735713513,Medium
U008964,0.5145360318102831,Medium
U007575,0.5145195890938923,Medium
U007999,0.5143695666181703,Medium
U006601,0.5143647018464008,Medium
U005628,0.514294488169425,Medium
U005191,0.5142886425413784,Medium
U007368,0.5142548455720027,Medium
U009000,0.5142219733781679,Medium
U005885,0.5141498391589762,Medium
U002945,0.5139476399592127,Medium
U006581,0.5139078105041682,Medium
U003897,0.5138874314120856,Medium
U007825,0.5138138152711805,Medium
U005086,0.5136778459068407,Medium
U006532,0.5134153911704639,Medium
U007117,0.51320282710117,Medium
U009691,0.5131962456005532,Medium
U007062,0.5129817322361577,Medium
U000477,0.5124599226901568,Medium
U001954,0.5124500587448862,Medium
U006306,0.5124262525132601,Medium
U003807,0.512379966561916,Medium
U000528,0.5123732400436577,Medium
U001858,0.5123330042522343,Medium
U005141,0.5122757029583056,Medium
U007949,0.5122100505973901,Medium
U006360,0.5122015303210784,Medium
U000725,0.5121236185400654,Medium
U005847,0.5117508373268813,Medium
U005427,0.5116397638658228,Medium
U005037,0.5115901650575468,Medium
U009776,0.5112990602354,Medium
U002590,0.5112317557115069,Medium
U009822,0.5110167975698661,Medium
U000506,0.5110047027494214,Medium
U008553,0.5109632381689581,Medium
U002699,0.5109256846803022,Medium
U005615,0.51086041604923,Medium
U005643,0.5108133563999104,Medium
U004067,0.5107757520380202,Medium
U003044,0.5106068355625811,Medium
U009063,0.5106034868889208,Medium
U005756,0.5103845323304949,Medium
U001132,0.5103148154064442,Medium
U000549,0.5101834606448112,Medium
U007061,0.5099806298030893,Medium
U009879,0.5099645086442309,Medium
U000809,0.5095706980572613,Medium
U005310,0.5094840019506968,Medium
U005617,0.5093532034077635,Medium
U001150,0.509314429053162,Medium
U009308,0.5092942319897653,Medium
U005823,0.5090879632123134,Medium
U005467,0.5086563660432081,Medium
U001811,0.5082343934633656,Medium
U002189,0.5081561049510028,Medium
U003646,0.5081530492763219,Medium
U000561,0.508045670919343,Medium
U009778,0.5078925548631827,Medium
U006011,0.5077832178788436,Medium
U000267,0.5075147358276408,Medium
U000102,0.5072293316105958,Medium
U001540,0.5071514203356308,Medium
U009399,0.5071278127304353,Medium
U008459,0.507112730182882,Medium
U005553,0.5070690927358233,Medium
U000250,0.5070315918555358,Medium
U000075,0.5070114268611908,Medium
U009190,0.5069546735251838,Medium
U002466,0.5066785667603301,Medium
U008959,0.506631927033438,Medium
U002215,0.50660079417682,Medium
U007161,0.5065679969660296,Medium
U005619,0.5064156742469063,Medium
U005840,0.5061962059853298,Medium
U002043,0.5061195077617808,Medium
U008021,0.5061036119215317,Medium
U001024,0.5060530779192549,Medium
U009150,0.5059519053552818,Medium
U000595,0.5058355728749181,Medium
U004994,0.5057799447872013,Medium
U008931,0.5057740917938104,Medium
U000104,0.5057668087012824,Medium
U007597,0.5055391557523499,Medium
U003712,0.5054457988777292,Medium
U008645,0.5054361400546913,Medium
U009389,0.5053067038679209,Medium
U008714,0.5052793543838583,Medium
U007411,0.5052571822870577,Medium
U006009,0.5052107821650186,Medium
U005135,0.5051020951937246,Medium
U006543,0.5050381382360171,Medium
U005563,0.5050012790789711,Medium
U006589,0.505000124519987,Medium
U009754,0.5048960661556541,Medium
U004654,0.5048806588500038,Medium
U004146,0.5048010888375875,Medium
U000301,0.5045850302232361,Medium
U007711,0.5045743496868598,Medium
U005880,0.5045612061840402,Medium
U008709,0.5045311559245014,Medium
U004651,0.5045177805156112,Medium
U004626,0.5044139778536084,Medium
U001184,0.5043878526589661,Medium
U002957,0.5043546131858434,Medium
U004405,0.5043334695331058,Medium
U008482,0.5043265332384603,Medium
U003199,0.5043012746008377,Medium
U001664,0.5042124636558918,Medium
U003610,0.5040261773418191,Medium
U006541,0.5039166498903325,Medium
U003654,0.5038200246037335,Medium
U005393,0.5035757076295596,Medium
U000874,0.5035027921360655,Medium
U005674,0.5034458256213815,Medium
U002640,0.5033785455400307,Medium
U008910,0.5033553740883657,Medium
U000354,0.5033531851220092,Medium
U007094,0.5032197634417966,Medium
U003364,0.503036982564498,Medium
U008209,0.5029541028920729,Medium
U008946,0.5029190775699752,Medium
U004301,0.502889644588886,Medium
U003346,0.5028482327651372,Medium
U008318,0.5028156631598114,Medium
U004041,0.5028068859997228,Medium
U002508,0.502709203508265,Medium
U001749,0.5026054084228743,Medium
U006006,0.502596733159947,Medium
U004013,0.5024422759465639,Medium
U008592,0.5024276399459301,Medium
U002359,0.502420388950624,Medium
U004163,0.5023765909706439,Medium
U005699,0.5022879233151069,Medium
U009585,0.5018942634687644,Medium
U009440,0.5018735357264289,Medium
U005679,0.5016593279069202,Medium
U006078,0.5014097195449021,Medium
U007378,0.5013565013327629,Medium
U004612,0.5013034594102973,Medium
U005399,0.5012909596857136,Medium
U000258,0.5012142180058249,Medium
U009580,0.5011929811039586,Medium
U006202,0.5010791293778503,Medium
U003872,0.500994821419269,Medium
U007003,0.5009900583193763,Medium
U003095,0.5009780782446455,Medium
U001783,0.500967256358973,Medium
U001702,0.5008996251328554,Medium
U002922,0.500889761351654,Medium
U009825,0.500772696345197,Medium
U004011,0.5007615089221141,Medium
U004020,0.5006803608929625,Medium
U009914,0.5006005230172459,Medium
U004769,0.5005613050950295,Medium
U008377,0.5005441090007,Medium
U005522,0.5005233936554648,Medium
U004228,0.5005124638997455,Medium
U006056,0.5004828790064304,Medium
U005127,0.5004573145535253,Medium
U006419,0.500358607004408,Medium
U001908,0.5003204820084778,Medium
U006244,0.500211619397166,Medium
U002335,0.5001585452144272,Medium
U008408,0.5000770529455452,Medium
U007568,0.5000236134953345,Medium
U006713,0.4999535009667005,Medium
U007743,0.49974942118354626,Medium
U002420,0.4996829238200998,Medium
U007216,0.4996450350438776,Medium
U000656,0.49954121803570406,Medium
U006742,0.49954028107429527,Medium
U002331,0.4995224802820312,Medium
U004289,0.4993547006018692,Medium
U001419,0.49928672036570493,Medium
U002900,0.4992681678072241,Medium
U002300,0.49917862402623425,Medium
U007097,0.49878041260531253,Medium
U002536,0.4987442407305166,Medium
U007264,0.4985705914531325,Medium
U008312,0.4985015460761767,Medium
U001810,0.49842773797619827,Medium
U004692,0.4984133880182598,Medium
U001861,0.49834568844672505,Medium
U007651,0.49834228798284064,Medium
U007124,0.498330956343216,Medium
U009815,0.4982874415292398,Medium
U007973,0.4981858765196653,Medium
U000329,0.4981497460329307,Medium
U009715,0.4981383876937478,Medium
U000986,0.49811923459260204,Medium
U009943,0.4980367122217469,Medium
U002825,0.4979594761448571,Medium
U006915,0.49793811104985886,Medium
U002969,0.497883970097335,Medium
U004451,0.49781570728612773,Medium
U005120,0.4974941962701029,Medium
U006228,0.49733308714718655,Medium
U008040,0.497231882823337,Medium
U000548,0.4971950221132543,Medium
U007471,0.4971265736418952,Medium
U007518,0.49711611969569297,Medium
U009820,0.4970261498061166,Medium
U000351,0.49688707068104965,Medium
U003492,0.4967736468107377,Medium
U008383,0.49677116308413055,Medium
U005856,0.4967214750274195,Medium
U006737,0.49664038389195125,Medium
U008566,0.49663153171541513,Medium
U001437,0.4965127681721763,Medium
U003036,0.49649192101401773,Medium
U009271,0.49635922509923774,Medium
U007697,0.4963548345729725,Medium
U000773,0.4960786400794185,Medium
U009866,0.4960683569332616,Medium
U005429,0.4959057881373266,Medium
U009673,0.4955476783823496,Medium
U009179,0.49554550765221816,Medium
U002663,0.4955294361286027,Medium
U006563,0.4954795220718076,Medium
U006502,0.4953946731209109,Medium
U001799,0.49537486813288173,Medium
U007910,0.4953534587807422,Medium
U007600,0.4953199488760807,Medium
U007214,0.4952633426652442,Medium
U005995,0.4952408712852469,Medium
U005469,0.4951392208176242,Medium
U004363,0.4948336581390669,Medium
U007506,0.4947930309014513,Medium
U007529,0.49465074034206186,Medium
U005073,0.49463667845012016,Medium
U004151,0.4945737305280732,Medium
U009862,0.4944379591333836,Medium
U006896,0.4944107388520185,Medium
U003666,0.4943947122444405,Medium
U007606,0.4943510539662585,Medium
U002545,0.4943012743728035,Medium
U003431,0.4942724057530946,Medium
U005423,0.4941057776970783,Medium
U009940,0.49393183489268466,Medium
U004318,0.49381386792763576,Medium
U009802,0.4938057992307319,Medium
U008153,0.4937947790747822,Medium
U006205,0.4936137442419545,Medium
U004815,0.4935239829246143,Medium
U003444,0.49348791994694824,Medium
U004415,0.49346654958567093,Medium
U000963,0.4932934607671731,Medium
U006553,0.4931624743376147,Medium
U006540,0.4931568215324771,Medium
U009939,0.4927540674956191,Medium
U003879,0.4927533053623528,Medium
U007982,0.4927182957743753,Medium
U005594,0.49270020232073414,Medium
U003340,0.49268651624901283,Medium
U000100,0.49268369203028983,Medium
U003403,0.49256404501135886,Medium
U006849,0.49232664610720195,Medium
U008769,0.49228999422675124,Medium
U003389,0.4922057699055616,Medium
U005457,0.4921784822864845,Medium
U005645,0.4921746446958579,Medium
U007591,0.49201406278327214,Medium
U007580,0.49200030148272694,Medium
U005028,0.4918766730936234,Medium
U004072,0.49180257362302343,Medium
U004143,0.49173394617759375,Medium
U000066,0.4915066598658787,Medium
U006799,0.4914875169663835,Medium
U000036,0.49130752837641534,Medium
U004663,0.49129213462519855,Medium
U002171,0.49126421120347186,Medium
U005702,0.49122019139632167,Medium
U007809,0.49107991525508,Medium
U002065,0.4910765684457426,Medium
U004857,0.4909871376774315,Medium
U000027,0.49097124408665055,Medium
U003137,0.4908771709511284,Medium
U004594,0.4907792717635806,Medium
U002131,0.4907665702090953,Medium
U003430,0.4907522913740125,Medium
U009401,0.4907245374093128,Medium
U000782,0.4906807039715852,Medium
U001687,0.49059879622765434,Medium
U006638,0.4905211956618691,Medium
U001827,0.4905210088682123,Medium
U009783,0.4904444060173836,Medium
U009854,0.4903005387899167,Medium
U006043,0.49028461322635025,Medium
U002830,0.49020715563034456,Medium
U007658,0.4901986566851182,Medium
U003612,0.49017505474766127,Medium
U006091,0.49016707484247896,Medium
U008723,0.49012411570866105,Medium
U004780,0.4900922907497781,Medium
U000875,0.4900434940984427,Medium
U007306,0.48997596371511626,Medium
U008644,0.4899591895039481,Medium
U005677,0.48992726330895714,Medium
U004545,0.48990961271037636,Medium
U008662,0.48981303063927556,Medium
U000527,0.4896481467292183,Medium
U007751,0.48963565675122067,Medium
U000645,0.48959275874168395,Medium
U002682,0.4895633064588396,Medium
U004371,0.4895296462249752,Medium
U005167,0.48947685397477103,Medium
U004710,0.4894236906954536,Medium
U002820,0.4894038794109135,Medium
U005745,0.4892746303966003,Medium
U002296,0.4892692188816276,Medium
U001682,0.48905393815619697,Medium
U002581,0.48897531693942803,Medium
U006164,0.4889346188916076,Medium
U007095,0.48890600645373977,Medium
U000206,0.488796038980332,Medium
U005437,0.4886244533510954,Medium
U002804,0.4884481362091705,Medium
U009757,0.4883923152484862,Medium
U006842,0.488341412478957,Medium
U004583,0.4883045741408876,Medium
U000729,0.48827917293894435,Medium
U008338,0.48810119752971987,Medium
U006469,0.4880076451437805,Medium
U006061,0.4877952226599737,Medium
U001225,0.4875797009451652,Medium
U000083,0.48753505270592273,Medium
U004792,0.48747544379543667,Medium
U005377,0.487292176017412,Medium
U007442,0.4871506942167645,Medium
U004688,0.4871194323892173,Medium
U007753,0.48704867359513326,Medium
U000898,0.4870111374432819,Medium
U009221,0.48670966481304445,Medium
U005598,0.48666986837533593,Medium
U002263,0.4866591379666549,Medium
U007198,0.4865139677205572,Medium
U006214,0.4861937461603397,Medium
U008221,0.48616660331724876,Medium
U002051,0.486140326144439,Medium
U004494,0.48613345911057837,Medium
U003030,0.4861299093939054,Medium
U006406,0.4860722660181751,Medium
U007362,0.4860526242472277,Medium
U002103,0.48600873268160116,Medium
U009575,0.4858727378037953,Medium
U007422,0.48579427194470326,Medium
U001470,0.4857691378459306,Medium
U003715,0.48575670018020495,Medium
U009381,0.4855619392694921,Medium
U000714,0.48552357812623076,Medium
U007683,0.4855160607273259,Medium
U001962,0.48530347541434776,Medium
U000880,0.48524192209645645,Medium
U002659,0.48505981618398997,Medium
U002212,0.48503631948459847,Medium
U005696,0.4849469997328,Medium
U000052,0.4849157807158175,Medium
U002697,0.4848917405961485,Medium
U009694,0.4848121479605459,Medium
U001656,0.4847936335789899,Medium
U007892,0.48469974688905276,Medium
U006660,0.48463025548456024,Medium
U006470,0.48461516422260864,Medium
U005288,0.48448264800904584,Medium
U002568,0.48445840541104956,Medium
U006448,0.48436247731095117,Medium
U008393,0.4843241355811386,Medium
U002580,0.48431705155330834,Medium
U003794,0.4842175214312321,Medium
U002972,0.48417277550373494,Medium
U009251,0.4841064063113942,Medium
U004016,0.4840107167830753,Medium
U005977,0.48396643671580575,Medium
U001025,0.4838917662846033,Medium
U005125,0.48365698822415654,Medium
U009393,0.48354897515185635,Medium
U002111,0.4835426167624308,Medium
U008522,0.48329578786779714,Medium
U000260,0.483232394381744,Medium
U007940,0.4829871256481354,Medium
U008786,0.48295514508428256,Medium
U001100,0.482825719078342,Medium
U004903,0.4827070146695203,Medium
U007165,0.48263619733952606,Medium
U007176,0.48259388610791737,Medium
U003354,0.48251560735231,Medium
U005068,0.48237704520272034,Medium
U006021,0.4822099497787188,Medium
U001802,0.4820039775663798,Medium
U009796,0.48199306004244474,Medium
U000230,0.48198873321201535,Medium
U007610,0.48192604925354177,Medium
U009371,0.4818747800852351,Medium
U008456,0.4818579590308416,Medium
U000979,0.4817683820245196,Medium
U008944,0.48171298711421967,Medium
U004409,0.48157923205373143,Medium
U007481,0.4815607908857469,Medium
U004922,0.48155663985603353,Medium
U004889,0.4815138332396946,Medium
U003014,0.4813829525908208,Medium
U009709,0.48134105495948337,Medium
U003405,0.4813375358268225,Medium
U009505,0.4812685364976616,Medium
U008245,0.48113274340008255,Medium
U005448,0.4809788912749571,Medium
U008259,0.4808588637298225,Medium
U009746,0.48085461244687916,Medium
U006732,0.48083218091377794,Medium
U009175,0.4808168385586772,Medium
U007621,0.48065716595702745,Medium
U002846,0.4806315012875872,Medium
U008744,0.4806139873165322,Medium
U001892,0.48055398467223154,Medium
U002275,0.48054298383596195,Medium
U002164,0.48046080605515984,Medium
U007448,0.48040375407111685,Medium
U006977,0.4803040750264195,Medium
U000996,0.4802421575391504,Medium
U006786,0.4801866493565698,Medium
U000164,0.4801381651670607,Medium
U001891,0.48006413586480845,Medium
U001387,0.4800342322327354,Medium
U003188,0.4798675092956888,Medium
U007990,0.479741850873022,Medium
U005315,0.4796251118497297,Medium
U001906,0.479430659054939,Medium
U004609,0.4793921698696181,Medium
U000121,0.4793840847942498,Medium
U002579,0.4793432694426766,Medium
U007650,0.47928570022679795,Medium
U002888,0.47906381300152173,Medium
U004574,0.4789097804240193,Medium
U006941,0.47867523033329246,Medium
U009550,0.4786594249308223,Medium
U004320,0.4786383407892949,Medium
U007909,0.4785603486462793,Medium
U002193,0.47850217818433854,Medium
U005401,0.4784314509943649,Medium
U001341,0.47834003690020493,Medium
U000216,0.478306547727923,Medium
U002633,0.47829568252764537,Medium
U003816,0.4782344023972818,Medium
U001791,0.47817117260906883,Medium
U003818,0.47816503275020134,Medium
U000435,0.4781357903425434,Medium
U005625,0.47813052344895557,Medium
U004632,0.47800212450685536,Medium
U009608,0.477911609710319,Medium
U008453,0.47789002221914967,Medium
U006112,0.477852970525853,Medium
U001008,0.47785172812111937,Medium
U008624,0.47770416803455507,Medium
U001374,0.4775916333666839,Medium
U000811,0.47752354309932704,Medium
U002181,0.4773130750260571,Medium
U009795,0.4772566602161129,Medium
U008397,0.4771986219697561,Medium
U004770,0.47701764487545734,Medium
U003863,0.47685602850438025,Medium
U005074,0.47676725721796487,Medium
U001759,0.47667536001387145,Medium
U005858,0.4766310352295512,Medium
U000382,0.4765400086270499,Medium
U007924,0.47650379339416066,Medium
U005057,0.4762267638778421,Medium
U000414,0.47618972329277615,Medium
U001333,0.47601860291092635,Medium
U008659,0.47599567032350704,Medium
U004115,0.47588486099920224,Medium
U006715,0.47569016841973605,Medium
U003328,0.47565579164094934,Medium
U002055,0.4755516768093444,Medium
U001314,0.4754152384953149,Medium
U001080,0.47519687839190206,Medium
U006701,0.47519053079146817,Medium
U006868,0.47509610861471363,Medium
U005588,0.4750611775223572,Medium
U004345,0.47501129771290207,Medium
U009076,0.4749927639534597,Medium
U003850,0.47490432967941926,Medium
U008488,0.4748316875018142,Medium
U001159,0.4748176994216902,Medium
U006365,0.4748045363732092,Medium
U004144,0.47446899941526294,Medium
U006562,0.4744542574361169,Medium
U000409,0.47439434162913546,Medium
U000505,0.4743238103901809,Medium
U002066,0.47431428124004477,Medium
U001555,0.47429143934279483,Medium
U009091,0.47424459261835455,Medium
U009454,0.47414612479050416,Medium
U005165,0.47414500159294887,Medium
U008996,0.4741379895942002,Medium
U000221,0.47388501289175367,Medium
U007576,0.4737839426342805,Medium
U001215,0.47371378085014243,Medium
U005136,0.4735684211574007,Medium
U004117,0.4734882954442168,Medium
U003156,0.47348031560521425,Medium
U007797,0.47320217896863187,Medium
U001726,0.4731125691049101,Medium
U003080,0.4730066572509448,Medium
U004967,0.4728625740053869,Medium
U005711,0.4728595549921595,Medium
U002177,0.47269556811681923,Medium
U009139,0.4724015471235536,Medium
U008500,0.4723389656373258,Medium
U001259,0.4722036493202263,Medium
U001046,0.47218956170203846,Medium
U007364,0.4721022236291314,Medium
U009747,0.4719479764701525,Medium
U006206,0.47193721587959686,Medium
U000197,0.4719007554427414,Medium
U003906,0.47165088287052953,Medium
U008652,0.47160207353958755,Medium
U005630,0.4714302979950041,Medium
U007267,0.4713732855294119,Medium
U000008,0.47114633262498223,Medium
U007292,0.47106764813452134,Medium
U004367,0.47105256738110135,Medium
U005021,0.4709470935202206,Medium
U008696,0.470840258406083,Medium
U001026,0.47079954725414325,Medium
U008540,0.4707661285628118,Medium
U000517,0.4707054509745271,Medium
U000451,0.4706245650748021,Medium
U009655,0.47057962079678095,Medium
U001023,0.470460200305574,Medium
U004058,0.47024726749485457,Medium
U005984,0.47015994240123227,Medium
U009819,0.4701425084540557,Medium
U005093,0.47003984155788847,Medium
U007343,0.4699893290133563,Medium
U006820,0.4699529467924681,Medium
U004993,0.4698355811327916,Medium
U004263,0.4697714139023263,Medium
U001487,0.46975709150536177,Medium
U000928,0.4697530082123334,Medium
U005763,0.4697010468687449,Medium
U003170,0.469653689291776,Medium
U001235,0.46951499940721847,Medium
U001284,0.46939311634218295,Medium
U001904,0.4693274843040567,Medium
U009487,0.46924508473372034,Medium
U005036,0.46924252374618464,Medium
U008433,0.4691752359172809,Medium
U008465,0.4691189769380593,Medium
U007701,0.46911299825446423,Medium
U000242,0.46908386000507696,Medium
U003875,0.46876855602004913,Medium
U009059,0.4685673545385261,Medium
U003620,0.46854361700523983,Medium
U008103,0.46849473624485344,Medium
U007427,0.4684453010165664,Medium
U003073,0.468437898484182,Medium
U000162,0.46833915611146276,Medium
U002240,0.46827073808828,Medium
U008114,0.4682328284119357,Medium
U009528,0.46820044135041733,Medium
U008588,0.4681463570140609,Medium
U008013,0.46814091381481965,Medium
U001541,0.4681321888715936,Medium
U002808,0.468054432408454,Medium
U008051,0.46804248856358877,Medium
U005082,0.46797490118939533,Medium
U004088,0.46778050950060834,Medium
U001951,0.46773734702523323,Medium
U007187,0.4676466370680484,Medium
U000761,0.4675105307400555,Medium
U001614,0.4674647633971017,Medium
U004036,0.4673201811068131,Medium
U007350,0.46731451587212075,Medium
U005704,0.4672918326733796,Medium
U006794,0.467183418228726,Medium
U007947,0.4670823477945521,Medium
U002500,0.46695013898134163,Medium
U007467,0.46690252975997537,Medium
U007354,0.46670903288869064,Medium
U004901,0.4666743919866345,Medium
U005781,0.4666628067161904,Medium
U004672,0.4666217377192605,Medium
U007324,0.4664283276683481,Medium
U004935,0.4664086939833219,Medium
U009936,0.46637397844670714,Medium
U008324,0.4662687389507989,Medium
U002828,0.4662106938331078,Medium
U000850,0.4661868026821538,Medium
U002886,0.4661726392105697,Medium
U004204,0.4661213608865166,Medium
U009666,0.4660910266255034,Medium
U006569,0.46570292582140893,Medium
U002615,0.4656878848508208,Medium
U002370,0.4656145527081866,Medium
U007508,0.4654936747654375,Medium
U005112,0.4654803399953706,Medium
U005202,0.46542355009712433,Medium
U000602,0.46519485084580886,Medium
U004957,0.4647238668758936,Medium
U002012,0.4647140077973057,Medium
U007696,0.46470648949078963,Medium
U004906,0.46465229099667466,Medium
U000173,0.464610172983191,Medium
U002696,0.4644255960028741,Medium
U004295,0.46431052754332097,Medium
U005198,0.46427527130348323,Medium
U005214,0.46403531275633714,Medium
U005691,0.4638702175667032,Medium
U003922,0.46383815582140375,Medium
U009676,0.4637513320537724,Medium
U000325,0.46370664208714185,Medium
U001227,0.46367546364679774,Medium
U007611,0.46358809054951156,Medium
U002771,0.46353894201988766,Medium
U004500,0.4635240679123118,Medium
U006822,0.463501208690833,Medium
U000901,0.46348158415190804,Medium
U000697,0.46341687208743915,Medium
U003458,0.4634121871781187,Medium
U006441,0.46339471928045156,Medium
U002914,0.4632971938542005,Medium
U008722,0.4632555301294948,Medium
U000972,0.46318866032327577,Medium
U001277,0.4630127576849931,Medium
U002662,0.4629878335774725,Medium
U001958,0.4629772856262532,Medium
U002423,0.4627945187213224,Medium
U001573,0.46277093144087633,Medium
U003509,0.4627613197685602,Medium
U007741,0.4627302548584392,Medium
U006070,0.46241023524581304,Medium
U009753,0.46234639399026584,Medium
U004501,0.46197499160307465,Medium
U001264,0.46196826022355697,Medium
U000690,0.4618484584071117,Medium
U006775,0.46178127075337055,Medium
U007227,0.4617584427720908,Medium
U005629,0.46170009240028803,Medium
U006284,0.46168607254884336,Medium
U002954,0.4615924672849594,Medium
U006805,0.4615905815113709,Medium
U006693,0.46157231919096414,Medium
U009266,0.4615065482758752,Medium
U005072,0.46141557576052167,Medium
U000831,0.4613681543578059,Medium
U002455,0.4612978890791326,Medium
U000323,0.46125919664861376,Medium
U005234,0.4612194101254469,Medium
U002695,0.4610825645218503,Medium
U002120,0.46091774729696244,Medium
U004749,0.46089478053313265,Medium
U008701,0.46068445411904607,Medium
U001889,0.46065387319352225,Medium
U004774,0.46063278089817555,Medium
U009743,0.46055334913826274,Medium
U004899,0.460545250682723,Medium
U000620,0.4603493029765764,Medium
U008987,0.46028354382282516,Medium
U009871,0.4602385870567138,Medium
U004221,0.4601067391681904,Medium
U000465,0.4600900625418824,Medium
U007028,0.46001164739350664,Medium
U007459,0.4599607778494628,Medium
U003263,0.459889125413801,Medium
U009177,0.4598668242527004,Medium
U003035,0.4594933246980741,Medium
U008965,0.45946003116821355,Medium
U002667,0.4593943705067756,Medium
U005623,0.4591294994808516,Medium
U005659,0.4589095404779664,Medium
U000810,0.45887497561957125,Medium
U002736,0.45880238765011133,Medium
U009925,0.45858555697667336,Medium
U006261,0.4584418835847206,Medium
U001998,0.4583971403848278,Medium
U008516,0.4583345634164393,Medium
U002585,0.4582852665534471,Medium
U005972,0.4582777908019844,Medium
U001913,0.45824651752763096,Medium
U008206,0.4581971570247389,Medium
U001732,0.45810680108419566,Medium
U000768,0.45771936105427247,Medium
U006533,0.4576896895936339,Medium
U000031,0.4576241235292873,Medium
U006631,0.45759635070947363,Medium
U000428,0.4575378959866104,Medium
U001737,0.45746318477423853,Medium
U005703,0.4573825470282328,Medium
U000455,0.4572552287572864,Medium
U005788,0.4570350850155065,Medium
U006874,0.45692630145498725,Medium
U002285,0.45690914684239126,Medium
U006968,0.4568455948120934,Medium
U003609,0.45682176398380603,Medium
U009616,0.45676317595283195,Medium
U005640,0.45661398957990373,Medium
U004348,0.4566120385484717,Medium
U001358,0.45652149865356667,Medium
U006074,0.45635246511656913,Medium
U001179,0.4562450408335342,Medium
U003640,0.45620449221038456,Medium
U008208,0.4561083263564643,Medium
U004338,0.45599479336386123,Medium
U003747,0.4559271577981242,Medium
U002491,0.45589934974985824,Medium
U007177,0.4557570500623654,Medium
U006393,0.45571742119715586,Medium
U008580,0.45554520963940226,Medium
U008386,0.4554941138766526,Medium
U003145,0.455343207040415,Medium
U002273,0.45519174575379423,Medium
U003411,0.45509236664346103,Medium
U002976,0.45507784617884683,Medium
U005340,0.45497453948987215,Medium
U001636,0.4549678385929734,Medium
U008875,0.45481255452700065,Medium
U001934,0.4548059256294713,Medium
U003871,0.45459823737630234,Medium
U001768,0.4545671503507887,Medium
U007652,0.4543224418699516,Medium
U008031,0.45422827285811235,Medium
U008949,0.45407854254910535,Medium
U007503,0.4540512764322361,Medium
U002558,0.45398128025095097,Medium
U005081,0.45392874103320985,Medium
U004038,0.4539187075679396,Medium
U000388,0.453911971375506,Medium
U000808,0.4538380383036822,Medium
U009315,0.45377240459319,Medium
U009826,0.45372192325158456,Medium
U001413,0.4534618262842678,Medium
U002414,0.45326783944042404,Medium
U002836,0.4532262805673335,Medium
U009493,0.453155401065445,Medium
U005909,0.45296023196448054,Medium
U005344,0.45281799757096963,Medium
U002042,0.4527335155455795,Medium
U004530,0.4526997715914816,Medium
U008617,0.45265691692752436,Medium
U005647,0.45263665892506927,Medium
U006760,0.4526360095099768,Medium
U008717,0.45232197964137955,Medium
U006266,0.4523046493257373,Medium
U001567,0.4522974270168614,Medium
U002163,0.45214667531201513,Medium
U007109,0.4520497286104962,Medium
U006554,0.45201624070558705,Medium
U004897,0.45190212299429344,Medium
U000493,0.4518889521875853,Medium
U005870,0.4518651306576754,Medium
U003527,0.45183338907937687,Medium
U006088,0.4518144037754883,Medium
U000381,0.45169910103571925,Medium
U008073,0.45169510469952134,Medium
U005391,0.4515606554778257,Medium
U002567,0.4515009649410875,Medium
U007221,0.45138233678807277,Medium
U003109,0.4512961171940837,Medium
U004073,0.45109137045193703,Medium
U004528,0.4510618512327125,Medium
U004832,0.45102370231696076,Medium
U005681,0.45102273928669384,Medium
U006615,0.4510019482130156,Medium
U005618,0.45084351138655926,Medium
U004284,0.45060122100007904,Medium
U003165,0.4502361898101576,Medium
U000284,0.45023376638223284,Medium
U003309,0.4501572167896795,Medium
U001634,0.4500881630126706,Medium
U007217,0.4500384538940125,Medium
U001035,0.44999518321523313,Medium
U009817,0.44996336781084123,Medium
U003782,0.44963069303826464,Medium
U001709,0.4495277462769378,Medium
U002943,0.4495112166661276,Medium
U008506,0.44947955023390707,Medium
U004970,0.44945001945236007,Medium
U008839,0.44928840298035067,Medium
U004508,0.44915134033299364,Medium
U000348,0.4491322865486708,Medium
U006482,0.44882580678059725,Medium
U008432,0.4488235814372711,Medium
U008362,0.4485712740131958,Medium
U005134,0.44854190848689596,Medium
U004569,0.448515795473604,Medium
U008816,0.4481458504911538,Medium
U007104,0.4481038592521153,Medium
U008808,0.4480292442992165,Medium
U009770,0.4477093691650212,Medium
U006302,0.44757747456263824,Medium
U006424,0.4475068357037451,Medium
U003920,0.4473659665404334,Medium
U001893,0.44724797048255927,Medium
U000511,0.4471629372168625,Medium
U003911,0.4470626029995839,Medium
U007869,0.44703760400547443,Medium
U008202,0.44702950201489206,Medium
U003204,0.44702734249081827,Medium
U005222,0.446791992198787,Medium
U006156,0.44677300845254336,Medium
U007641,0.44654285384893533,Medium
U009577,0.4464840385900201,Medium
U005477,0.44646813453994344,Medium
U005562,0.44644509027314666,Medium
U003619,0.44642147393293424,Medium
U000442,0.4462047235986097,Medium
U006604,0.44610679542211934,Medium
U003979,0.4460640801106721,Medium
U001411,0.44606222884925234,Medium
U009665,0.4458128062950823,Medium
U007131,0.4457604382857197,Medium
U003046,0.44564788065905714,Medium
U008600,0.4455281241643145,Medium
U004064,0.44550621487523234,Medium
U009569,0.44541958045542657,Medium
U005292,0.44527925489229614,Medium
U007219,0.44519856725073853,Medium
U002809,0.44504644761901024,Medium
U002038,0.44502468125400907,Medium
U001694,0.44496875559726967,Medium
U001160,0.4449639480369878,Medium
U003429,0.4449021975780951,Medium
U004156,0.44469179955573396,Medium
U009799,0.4445273161971043,Medium
U004841,0.4444679827483862,Medium
U002441,0.44443587105719484,Medium
U008703,0.4444216861358918,Medium
U007764,0.4443429249362123,Medium
U003985,0.4443420582676426,Medium
U005654,0.44424968541145377,Medium
U003799,0.44424899147144725,Medium
U002217,0.4441929382506155,Medium
U007680,0.44407620717683166,Medium
U008584,0.44387296687759714,Medium
U006245,0.4438148071825718,Medium
U008154,0.4436273444386246,Medium
U001693,0.4436243326845434,Medium
U004387,0.44358255402479463,Medium
U005055,0.4434743342219845,Medium
U001128,0.4434621291543377,Medium
U005519,0.44344426553270827,Medium
U002893,0.44342451815005374,Medium
U007255,0.44339241740621543,Medium
U003223,0.4433768776545251,Medium
U009276,0.4430517064372963,Medium
U003893,0.44301609457719043,Medium
U000587,0.44285141789228893,Medium
U009367,0.44279170497929027,Medium
U003102,0.4427233916066519,Medium
U005839,0.44259062855175035,Medium
U004914,0.4424821184295374,Medium
U003180,0.44244987212268083,Medium
U008975,0.44244826003929943,Medium
U007233,0.44244311932494695,Medium
U000086,0.4423814241260308,Medium
U009808,0.44191798180956093,Medium
U006134,0.4418475158871493,Medium
U005804,0.4418325357728912,Medium
U008171,0.4417022746635641,Medium
U006133,0.4415505513854267,Medium
U001963,0.4413156520161813,Medium
U005857,0.44125206761472574,Medium
U000668,0.4411846998451436,Medium
U004510,0.4411091883401947,Medium
U006749,0.44100801808838724,Medium
U003227,0.44094848531314995,Medium
U005130,0.44080334759884965,Medium
U009005,0.4407967407773945,Medium
U004238,0.4406336590138527,Medium
U006020,0.4403129421813558,Medium
U003295,0.44031209117044456,Medium
U008697,0.44026331998570895,Medium
U001632,0.44019091799061405,Medium
U000062,0.44013238094479146,Medium
U000564,0.4400374007921451,Medium
U003760,0.4400174728681096,Medium
U009997,0.43989461016380366,Medium
U002085,0.4397649258197175,Medium
U003486,0.43947376986235176,Medium
U007431,0.439463818243905,Medium
U004598,0.43934381947743656,Medium
U004460,0.4393202146257911,Medium
U004447,0.4392483891217599,Medium
U008411,0.4392292234500269,Medium
U005792,0.4391281435772537,Medium
U008123,0.43897792412935494,Medium
U000925,0.43892458051551975,Medium
U006535,0.43890816899442114,Medium
U000873,0.4388202668501496,Medium
U005980,0.43869545071313315,Medium
U005012,0.4385936820513674,Medium
U009439,0.4385591448123203,Medium
U003540,0.4385470313717345,Medium
U003349,0.43854591431700113,Medium
U005440,0.4384896524402103,Medium
U003657,0.4384458245215035,Medium
U006574,0.43839864767850334,Medium
U008963,0.43839276075376127,Medium
U000366,0.4382422712322752,Medium
U000827,0.4381892726849516,Medium
U006888,0.4381600946636667,Medium
U005575,0.43809875163526546,Medium
U000298,0.4380397804411482,Medium
U007315,0.43797582406993013,Medium
U004562,0.4379381754718501,Medium
U001462,0.4376545220609601,Medium
U004332,0.43763617115112213,Medium
U009411,0.4375211567669736,Medium
U008864,0.4375158615202951,Medium
U009128,0.437404236107129,Medium
U007796,0.43738663359751884,Medium
U006935,0.43738593369945694,Medium
U006911,0.43737299640726607,Medium
U009533,0.4373708801577073,Medium
U008812,0.437342869274779,Medium
U000484,0.43722750729085,Medium
U007274,0.4366044431693972,Medium
U007419,0.4365059833271787,Medium
U009904,0.4364558024044577,Medium
U007824,0.4364081947962469,Medium
U004155,0.43634214637180824,Medium
U008288,0.4360590889881751,Medium
U007048,0.4359604772617112,Medium
U009456,0.4359537883416905,Medium
U003238,0.4358839880662814,Medium
U006646,0.4358637885432778,Medium
U005820,0.4358579056481916,Medium
U005878,0.43585771293977643,Medium
U002819,0.4357660028897833,Medium
U001484,0.43561421802071315,Medium
U002960,0.43556874543352847,Medium
U004729,0.43537981637622986,Medium
U007813,0.4353306169096635,Medium
U000439,0.43514881815117784,Medium
U005278,0.43514440513576036,Medium
U004677,0.4350346042382343,Medium
U000223,0.43498806500172765,Medium
U004990,0.434677944240237,Medium
U003487,0.43455560731833087,Medium
U006109,0.43454120972941895,Medium
U003674,0.4344261915907784,Medium
U004133,0.43437926716339537,Medium
U007636,0.4343791870635228,Medium
U007826,0.43424567586993457,Medium
U004007,0.43404135650181425,Medium
U002513,0.4339383358773699,Medium
U008085,0.43390745881744824,Medium
U007559,0.43385361448556664,Medium
U001775,0.4336391941951076,Medium
U004772,0.4335896535577291,Medium
U003667,0.4335675793391349,Medium
U002314,0.43355668939984127,Medium
U001983,0.4335321272416865,Medium
U002032,0.4335125293829565,Medium
U009624,0.4333578187335822,Medium
U009538,0.43335434266362993,Medium
U003915,0.43329535692366733,Medium
U008471,0.4332717367707251,Medium
U009376,0.4332458757651615,Medium
U007601,0.4330021810044392,Medium
U003314,0.432889782400729,Medium
U007901,0.4328426035584706,Medium
U008634,0.43280639245645913,Medium
U003375,0.43258342130314303,Medium
U003117,0.43245174014722154,Medium
U009161,0.43235023641591197,Medium
U003904,0.4321612197491649,Medium
U008122,0.43216099193629226,Medium
U002494,0.43209409132947285,Medium
U007334,0.4320513317843621,Medium
U008539,0.43201095615700497,Medium
U000888,0.4320095393634624,Medium
U008314,0.43197648109707465,Medium
U001481,0.43152340642831255,Medium
U004498,0.43135261811914966,Medium
U006689,0.4313341930356353,Medium
U009847,0.4313067298515936,Medium
U007091,0.4312968814704497,Medium
U002797,0.43128293700505016,Medium
U006683,0.43127475511886654,Medium
U009911,0.4312046620927642,Medium
U009489,0.43119437090200724,Medium
U009913,0.4311734496970044,Medium
U003923,0.4309514555781509,Medium
U002805,0.4309030031924498,Medium
U003069,0.4308567976054171,Medium
U007302,0.43080960571569904,Medium
U002723,0.43076333292070557,Medium
U009127,0.43074673931113855,Medium
U003720,0.4306155638331934,Medium
U000285,0.43052043121408473,Medium
U006286,0.4305121518213302,Medium
U006674,0.43039038903202015,Medium
U003696,0.4303847667058945,Medium
U009316,0.4301178699444592,Medium
U001220,0.42997303929657704,Medium
U006149,0.42988805993341267,Medium
U003266,0.42979151248625197,Medium
U005000,0.4297906689892933,Medium
U004744,0.42977396826999475,Medium
U002735,0.4296498588748254,Medium
U003163,0.42936752245596627,Medium
U000642,0.4293046995220457,Medium
U002115,0.4292534556223404,Medium
U000280,0.42906235400149995,Medium
U001118,0.42895943515577545,Medium
U004316,0.4289573282274703,Medium
U006546,0.4288700452762733,Medium
U007951,0.42886409334314474,Medium
U006172,0.42869864957667014,Medium
U004578,0.42863969199615004,Medium
U000218,0.4286340048173998,Medium
U008475,0.4286109359042787,Medium
U007874,0.42844523755354147,Medium
U002926,0.4283884731691147,Medium
U003909,0.42834895961048014,Medium
U004336,0.42829891000642883,Medium
U005632,0.42823745503342026,Medium
U001425,0.42804780438172646,Medium
U001017,0.4279204016648159,Medium
U001347,0.42789449054252165,Medium
U009705,0.427857343294014,Medium
U000359,0.4278554429379871,Medium
U001675,0.42766218121254923,Medium
U000131,0.42754442178869917,Medium
U005608,0.42752416135179705,Medium
U001992,0.4274641442188021,Medium
U009124,0.4274494881266027,Medium
U001261,0.42741581465810846,Medium
U003123,0.42722751983300666,Medium
U008304,0.4272198169899574,Medium
U001491,0.4270234794413063,Medium
U005181,0.4268672005035801,Medium
U001262,0.4266858782834769,Medium
U008752,0.4265711463831796,Medium
U008010,0.4264631505308276,Medium
U000537,0.4264243312026458,Medium
U006923,0.4263239118350855,Medium
U005046,0.4261827120570361,Medium
U009846,0.42608414395930977,Medium
U009402,0.42579192946731126,Medium
U003759,0.42561522044557476,Medium
U007205,0.42560323789442994,Medium
U003702,0.42558233466199613,Medium
U001248,0.42553309855236143,Medium
U004429,0.4254436970788164,Medium
U004234,0.4252171645802329,Medium
U004696,0.4249596152845257,Medium
U003459,0.42492728202909374,Medium
U000878,0.4247500536567952,Medium
U006362,0.42473597482391084,Medium
U000402,0.4247286832043319,Medium
U001743,0.4246654603417243,Medium
U003121,0.42451563589693125,Medium
U004829,0.4241872404668421,Medium
U003877,0.4241514046296817,Medium
U007708,0.4238559435968517,Medium
U003669,0.42353511141899813,Medium
U009500,0.42348722948667455,Medium
U000677,0.42331676587218436,Medium
U003731,0.4232783582552322,Medium
U006992,0.42292429788996544,Medium
U003648,0.422720080686629,Medium
U007044,0.42246473533615725,Medium
U004395,0.4223804445934697,Medium
U008702,0.42233363202763197,Medium
U005627,0.422285521451612,Medium
U003924,0.4219545349091757,Medium
U002076,0.4217466087471556,Medium
U004099,0.4215869890698245,Medium
U005363,0.42151927085008384,Medium
U005597,0.42149343570205833,Medium
U004836,0.42148655625414655,Medium
U008779,0.4212152424384119,Medium
U004633,0.4212128983601594,Medium
U004331,0.4208188081032611,Medium
U006729,0.4206195391568811,Medium
U008343,0.4206180837610842,Medium
U000737,0.42059919873108614,Medium
U002140,0.42059531996361504,Medium
U006193,0.4204256960428455,Medium
U000781,0.42042003821794416,Medium
U008231,0.4203454314211691,Medium
U001054,0.4202915775440203,Medium
U000734,0.4201335445010637,Medium
U009773,0.4200125833813773,Medium
U000749,0.41974301841898526,Medium
U002920,0.41970852928382796,Medium
U004949,0.41964200226867643,Medium
U004186,0.41957045253314945,Medium
U007579,0.4194976736933449,Medium
U007078,0.419479534027409,Medium
U006845,0.41945013078088345,Medium
U009249,0.4193240475519118,Medium
U008290,0.4193075426423346,Medium
U001592,0.4191307772135804,Medium
U002796,0.41908745744102816,Medium
U001274,0.41904765203737215,Medium
U002588,0.4185541210445515,Medium
U005564,0.41839671795344346,Medium
U003083,0.41831508179397825,Medium
U001070,0.4183040165157166,Medium
U004969,0.41830338091564173,Medium
U009658,0.418061338768441,Medium
U007211,0.417978245150132,Medium
U009596,0.41795828101719523,Medium
U006524,0.4179372830901037,Medium
U004319,0.4178850969237442,Medium
U000843,0.4178250724737324,Medium
U006290,0.41771571774415095,Medium
U006189,0.4176949097173584,Medium
U001968,0.4169721812087436,Medium
U005225,0.4168533049327662,Medium
U009085,0.416622316850572,Medium
U001923,0.4165399851767326,Medium
U007984,0.4164441382709362,Medium
U000199,0.41639450960782565,Medium
U001584,0.41612378057653243,Medium
U001442,0.41600017851545784,Medium
U007276,0.41594857802816576,Medium
U009288,0.4157956876381591,Medium
U000834,0.4157050047409113,Medium
U009302,0.41562119412688237,Medium
U007335,0.4155049420483783,Medium
U002018,0.4151659658150037,Medium
U008279,0.41502935299136656,Medium
U009901,0.4147612097287474,Medium
U009080,0.4146664607296471,Medium
U006022,0.41463270701503896,Medium
U004828,0.41455416948879725,Medium
U003437,0.41444916299028445,Medium
U009893,0.4143149381490124,Medium
U009570,0.4142144823775713,Medium
U002980,0.4138945499932715,Medium
U004600,0.41387696099671756,Medium
U002694,0.41379466297518763,Medium
U007887,0.4137581610033949,Medium
U005692,0.41331271426750776,Medium
U001966,0.41310624115169947,Medium
U001110,0.4130407657136201,Medium
U006082,0.4129198277314599,Medium
U007035,0.41288119077871843,Medium
U002807,0.4128652672207379,Medium
U000390,0.4127487499650887,Medium
U008192,0.4126828115691918,Medium
U001613,0.41260620447584456,Medium
U004254,0.4125513202282189,Medium
U006926,0.4125245747682005,Medium
U009855,0.41244677082804737,Medium
U003421,0.4120161023754896,Medium
U007540,0.4119711964130984,Medium
U005205,0.41183519570158955,Medium
U001855,0.4118214182244081,Medium
U002687,0.41166278258045724,Medium
U003472,0.41165976551972155,Medium
U009838,0.41139662763988605,Medium
U007475,0.41138065530972096,Medium
U001564,0.411357503782993,Medium
U001679,0.41132928151388026,Medium
U008424,0.41132796965475316,Medium
U003857,0.41108769824094005,Medium
U003229,0.4110407305284659,Medium
U007371,0.4107493808879889,Medium
U008150,0.41040039647590937,Medium
U004918,0.4103136233100552,Medium
U009618,0.4102641148444483,Medium
U000969,0.4102016306857375,Medium
U008431,0.41017040199022353,Medium
U003197,0.4101698382535401,Medium
U009130,0.4099964514138252,Medium
U009299,0.40996967693023073,Medium
U003237,0.4097087621546379,Medium
U008784,0.4096728747231026,Medium
U006659,0.40955568421753813,Medium
U004936,0.4094449925939493,Medium
U005620,0.4094214147732277,Medium
U005421,0.409373388076036,Medium
U000515,0.4093249536039826,Medium
U000786,0.4091692144669124,Medium
U002779,0.40914845307214215,Medium
U003317,0.40908775685843823,Medium
U009419,0.40900828166304615,Medium
U007642,0.40889648691285385,Medium
U006208,0.408653574405464,Medium
U009042,0.4086141950696905,Medium
U001993,0.40857710439973854,Medium
U004131,0.4085686920405064,Medium
U003652,0.40846216215173337,Medium
U008738,0.4082948559188705,Medium
U008724,0.4081516896885614,Medium
U005896,0.4080942394775373,Medium
U006379,0.40779315820013534,Medium
U003077,0.40769981200237665,Medium
U008441,0.4076224663669359,Medium
U004803,0.4074652383332415,Medium
U001539,0.4074528971044478,Medium
U001763,0.40716819859740344,Medium
U000187,0.4071497414523376,Medium
U006891,0.4071312615022307,Medium
U007525,0.40707249589207734,Medium
U003632,0.4069823970878401,Medium
U000411,0.406898886150937,Medium
U001192,0.40684578098000707,Medium
U002061,0.4067663803300235,Medium
U009247,0.40674417714645267,Medium
U004807,0.406662626803056,Medium
U009004,0.40661310555874197,Medium
U000615,0.40660229727424846,Medium
U002612,0.40645281747541484,Medium
U006233,0.4064053793014251,Medium
U007247,0.406312723431282,Medium
U003811,0.4062237154207068,Medium
U002892,0.4058938751871105,Medium
U006578,0.4058345525120269,Medium
U005714,0.405497443052111,Medium
U006278,0.4054532809642974,Medium
U001337,0.40533839459089516,Medium
U007486,0.40514515432137826,Medium
U003824,0.4049103071918095,Medium
U002818,0.4048555384674714,Medium
U008300,0.4048490288716708,Medium
U008615,0.4044967930457466,Medium
U003494,0.4043913588572567,Medium
U008622,0.40430384865511143,Medium
U001823,0.4038971251902394,Medium
U003858,0.403821545826309,Medium
U006051,0.403765970679645,Medium
U005220,0.4037655147349691,Medium
U007649,0.4035870819558221,Medium
U002690,0.4035652899843556,Medium
U002578,0.4034949597115579,Medium
U003981,0.40341737777298103,Medium
U003864,0.40335439090688374,Medium
U008815,0.40319872972751336,Medium
U000228,0.40269331893178967,Medium
U005414,0.4024150507664295,Medium
U002962,0.40230304714019083,Medium
U002589,0.40226317323694805,Medium
U000050,0.4021638577037361,Medium
U008610,0.4020576125999499,Medium
U006841,0.40203810274034013,Medium
U007715,0.4017924158474672,Medium
U004917,0.40178431937976844,Medium
U003631,0.40157097450447227,Medium
U003813,0.4014273660958825,Medium
U000282,0.4010061156989753,Medium
U002362,0.4009521211728806,Medium
U004161,0.40046225361387555,Medium
U006069,0.4003985573165949,Medium
U005759,0.4003950639887126,Medium
U009290,0.4003241450221625,Medium
U005240,0.4001854711274324,Medium
U004714,0.40017496152214754,Medium
U004782,0.4000548378711155,Medium
U000111,0.39977248361367324,Low
U002661,0.3997488911887252,Low
U002479,0.39969454524589004,Low
U009347,0.3996528275079921,Low
U003735,0.39965079287805544,Low
U000741,0.39889878260991773,Low
U004346,0.39881307307055747,Low
U009173,0.39859742944703946,Low
U007539,0.39852216573063076,Low
U008042,0.3984670716296181,Low
U003950,0.39810569482449965,Low
U001242,0.3980785883534697,Low
U002745,0.3980283392910589,Low
U003748,0.3980211699551107,Low
U001403,0.39790751462079754,Low
U003954,0.3975248164771274,Low
U009868,0.3974962803035613,Low
U001398,0.39730710930101687,Low
U001116,0.39718115634487294,Low
U002752,0.39692072988962324,Low
U000700,0.39689492562489587,Low
U006344,0.3965992025741809,Low
U001604,0.3965934021735404,Low
U007092,0.39648244296011453,Low
U002767,0.39642254164171503,Low
U008177,0.39641894681033124,Low
U000038,0.39638644590042615,Low
U007269,0.39633952215959123,Low
U006267,0.39616947877303765,Low
U008836,0.3960340820083465,Low
U002440,0.39589559962297033,Low
U005306,0.39581625339253435,Low
U002067,0.3956721564891809,Low
U004848,0.39565826076906024,Low
U003250,0.3955410570904988,Low
U004108,0.395484914825933,Low
U004480,0.3953811986514969,Low
U008430,0.3953003109273566,Low
U004271,0.39524488648888384,Low
U009630,0.3951088240196298,Low
U005048,0.39498078494519323,Low
U004533,0.39399519248461695,Low
U006722,0.39373124036245616,Low
U008242,0.39362346421821887,Low
U006282,0.3932669706604248,Low
U002047,0.39318931123656636,Low
U008930,0.3930744863894826,Low
U006431,0.3929449229082863,Low
U009486,0.3929013762956104,Low
U000217,0.39287153163870997,Low
U002427,0.3928136219295288,Low
U000889,0.3927230103057235,Low
U000830,0.3924519826637311,Low
U008782,0.3921277165935491,Low
U004979,0.3919783613032299,Low
U003789,0.39195085172718586,Low
U000367,0.3918809076016967,Low
U008340,0.3918062450144671,Low
U001412,0.39167658765212665,Low
U008882,0.391669148840777,Low
U002878,0.39156657822560476,Low
U001744,0.3915634749654795,Low
U006680,0.39154748629740804,Low
U009400,0.3914924710665281,Low
U003798,0.39102946532882094,Low
U002303,0.39091499050633455,Low
U008447,0.3909014441056111,Low
U009513,0.390830511102677,Low
U005959,0.390736621159006,Low
U006909,0.39055736142697145,Low
U000862,0.3903467380817476,Low
U007987,0.3903306013828066,Low
U006582,0.3898140448091727,Low
U000049,0.3897585751766438,Low
U009958,0.389545708488762,Low
U002162,0.3892183055161742,Low
U000385,0.3888888463442164,Low
U009811,0.3884534210263481,Low
U008961,0.3882037597663671,Low
U009097,0.38818106341182923,Low
U009837,0.38803905583531845,Low
U000012,0.3879661597655086,Low
U001011,0.38774466057028534,Low
U002262,0.3875187307372445,Low
U003288,0.38745076250771104,Low
U003917,0.38727780544837725,Low
U002531,0.38718709945600516,Low
U004942,0.38693922304856915,Low
U009301,0.38690703653232755,Low
U001446,0.3869045510762572,Low
U005767,0.3866152445654448,Low
U006816,0.3864716564776105,Low
U006725,0.3862905887187662,Low
U009395,0.38591234978106603,Low
U009690,0.3857250588310692,Low
U007877,0.38553164276752455,Low
U006065,0.3849751263845496,Low
U006885,0.3849398658497198,Low
U007330,0.3848842407545445,Low
U003891,0.38400420340007757,Low
U002540,0.38392791910761254,Low
U001260,0.3836030175170502,Low
U001756,0.38294754919134194,Low
U008721,0.3827719418361616,Low
U005092,0.381822794848732,Low
U005415,0.38177173647578866,Low
U006733,0.3817598579273902,Low
U008197,0.3813422905496633,Low
U001027,0.3812202147767396,Low
U006108,0.3810986024173797,Low
U005246,0.38082145660556616,Low
U000150,0.38065744917154104,Low
U000099,0.380593443575499,Low
U000949,0.38040309124956206,Low
U002658,0.3796914302149762,Low
U002996,0.37828381142477846,Low
U006481,0.3780746947885426,Low
U003315,0.37794430873644863,Low
U004655,0.3778395488574427,Low
U002613,0.37769610262104814,Low
U004373,0.377590019524893,Low
U005351,0.3774493177921425,Low
U009117,0.37735339462075024,Low
U001585,0.37693713853861327,Low
U005546,0.3769360451953078,Low
U009132,0.376911273661082,Low
U009350,0.37685539380934907,Low
U008100,0.37682525787742266,Low
U002424,0.3766784113939733,Low
U005577,0.37619180506670047,Low
U007090,0.37600482577326555,Low
U005809,0.37554464995521797,Low
U008501,0.3754681026774524,Low
U002102,0.3747332771520783,Low
U009407,0.374570734764792,Low
U006618,0.37436927202413595,Low
U008608,0.3740006990185274,Low
U004747,0.3736718622408133,Low
U008616,0.37355305085815876,Low
U001595,0.37326745380992177,Low
U005757,0.37284326552822766,Low
U002175,0.37219922754268553,Low
U006784,0.3717666177715523,Low
U000081,0.37124159054235367,Low
U007793,0.3709761755146647,Low
U008841,0.3708745924630818,Low
U001210,0.3704761778349355,Low
U008541,0.37005856287528277,Low
U000650,0.3700045809572983,Low
U007017,0.36990632479724855,Low
U000338,0.36971568743930205,Low
U000344,0.36948381501569066,Low
U000357,0.36942051858709446,Low
U001455,0.36931567721130804,Low
U003247,0.36905992141837335,Low
U005230,0.36900441723303357,Low
U003845,0.36877886378120023,Low
U000500,0.3682684965989301,Low
U009814,0.3676890971148865,Low
U009775,0.36750607391823803,Low
U003015,0.367491716463597,Low
U003300,0.3674065162817713,Low
U005262,0.36726877869056823,Low
U006037,0.367177393799014,Low
U007948,0.3660177399875931,Low
U008052,0.3659199067565025,Low
U001853,0.3653139139642727,Low
U007248,0.3650395164246778,Low
U008942,0.3648774754158292,Low
U008427,0.36481309074670454,Low
U002265,0.36473769293528024,Low
U007716,0.3646781216769853,Low
U008669,0.36460979410485134,Low
U006030,0.3645040865778142,Low
U005029,0.36429688760426693,Low
U006534,0.36396444497527713,Low
U005930,0.3638654938015739,Low
U009953,0.36386284792249196,Low
U007407,0.36326792619879333,Low
U004819,0.36305045393822766,Low
U009755,0.36262345249519334,Low
U002317,0.362532424341974,Low
U001266,0.361544403262056,Low
U007076,0.3611935405869599,Low
U001206,0.360954159577562,Low
U001356,0.3606676696314942,Low
U000973,0.35990815962744105,Low
U002986,0.3594840720080107,Low
U004521,0.3594312174069421,Low
U007468,0.3594312010974946,Low
U004359,0.35823902059351664,Low
U001620,0.35725808475351606,Low
U003502,0.35716313097681096,Low
U006690,0.35704746951444105,Low
U000468,0.35698019656240004,Low
U003592,0.3568295028641859,Low
U003783,0.3565920683460604,Low
U001468,0.3565527468027648,Low
U005161,0.35600856203738385,Low
U009922,0.3556839264724307,Low
U009225,0.3555532310272124,Low
U002686,0.35540552897423316,Low
U004357,0.3551313213380541,Low
U003488,0.3550117499544706,Low
U005616,0.3548605397706342,Low
U009075,0.3543505522647025,Low
U003497,0.35433385904998443,Low
U002576,0.3540622593617257,Low
U000198,0.35372752808773367,Low
U006335,0.35362298972446116,Low
U004604,0.3533974140439522,Low
U002366,0.35291208952326053,Low
U006443,0.35268116199263955,Low
U007836,0.3524314613485164,Low
U006123,0.35223366203468753,Low
U003234,0.35141022413803197,Low
U004960,0.3513394743422815,Low
U006751,0.3505943851076063,Low
U002706,0.3500834308322085,Low
U006702,0.34920488761242846,Low
U008720,0.3487628820657136,Low
U006034,0.3485300189765861,Low
U007861,0.3484026822321634,Low
U003268,0.34835081482781016,Low
U002537,0.34826759801665297,Low
U007881,0.3456874427212477,Low
U001428,0.3453088838108074,Low
U009025,0.3449304716491019,Low
U005751,0.34430344549872854,Low
U001038,0.34426663152741593,Low
U005991,0.34383822857819074,Low
U005513,0.3437569091114311,Low
U004276,0.3436034951969285,Low
U008629,0.3433307439203432,Low
U007837,0.3423238337487914,Low
U009918,0.342273719896992,Low
U000897,0.34215864999843365,Low
U007169,0.34171519389772037,Low
U001362,0.34160889671361483,Low
U003724,0.3412301617438163,Low
U000399,0.34080705652369403,Low
U006121,0.3406879739576759,Low
U005263,0.3399878629311244,Low
U003067,0.3372163763597091,Low
U006178,0.3357463295777098,Low
U009199,0.3350590698204599,Low
U005102,0.33394074865783036,Low
U008898,0.3336318983681205,Low
U007429,0.33263344181480076,Low
U004232,0.3320497044902045,Low
U005180,0.33064385833806703,Low
U009878,0.32957279862544137,Low
U004561,0.3294975100442789,Low
U009640,0.3291373912463723,Low
U003152,0.32776595367973027,Low
U009668,0.3250507641321708,Low
U004820,0.32344004902077017,Low
U008282,0.3228536700956442,Low
U007428,0.31957409774123197,Low
U009760,0.31943853336935824,Low
U001590,0.3193427733493219,Low
U009828,0.3182304545285857,Low
U009086,0.31672883675111574,Low
U002582,0.31623119033700353,Low
U001155,0.31514302114129356,Low
U009615,0.3136952064687753,Low
U006628,0.31019324929033826,Low
U003481,0.3058376955844116,Low
U006323,0.3034321711687915,Low
U002292,0.3026478455642168,Low
U001578,0.30253774129174726,Low
U006153,0.29924674631903625,Low
U003921,0.2939370850834273,Low
U000269,0.2927355815779282,Low
U004418,0.2919075464991533,Low
U008399,0.2906966083744347,Low
U001519,0.28996847286714617,Low
U008753,0.2804143880313661,Low
U007209,0.2689057336684714,Low
