user_id,churn_prob,risk_tier
U000170,0.937935902179129,High
U006466,0.936865855539232,High
U005251,0.935950280642073,High
U000987,0.9358826776500412,High
U006487,0.93411924469669,High
U007089,0.933484076043459,High
U008581,0.9324640042823588,High
U009946,0.9324244514117314,High
U008181,0.9316528680621794,High
U008299,0.9315638424746523,High
U004303,0.9314245070128334,High
U001981,0.931220397831554,High
U001937,0.9308733380561272,High
U008175,0.9308072178774423,High
U002255,0.9300054120696974,High
U008668,0.9292159069387924,High
U008523,0.9289354742020959,High
U005919,0.9282829876079155,High
U008695,0.9276715234283508,High
U004929,0.9276394029745437,High
U008049,0.927180081290474,High
U001797,0.9269284978915483,High
U009122,0.9267397730026304,High
U000583,0.9265475520117696,High
U000356,0.926397208897454,High
U007629,0.9261407045271041,High
U001686,0.926124842621519,High
U006482,0.9260593937332363,High
U001844,0.9259164529176064,High
U004164,0.9256862684233147,High
U009568,0.9256198016270464,High
U009138,0.925462093132989,High
U005838,0.9250573210071671,High
U003646,0.9246547406393081,High
U007826,0.9244701326323813,High
U006567,0.924281954737801,High
U002489,0.9240784898061908,High
U001818,0.9238907982003134,High
U007624,0.9238744564644825,High
U003750,0.923671545564208,High
U002543,0.9236706497854241,High
U008209,0.9235220836086567,High
U008400,0.9232999854708974,High
U002593,0.9231095180863713,High
U006892,0.9230150738518362,High
U007095,0.9227806728747114,High
U003349,0.9226751481298856,High
U000778,0.9226688302549632,High
U001647,0.9226203817121916,High
U008082,0.9226188299184925,High
U007071,0.922589227012374,High
U000224,0.9224914407677234,High
U000592,0.9224828796375353,High
U001422,0.922437948241087,High
U003467,0.9224039278578077,High
U006748,0.9221976767995976,High
U003236,0.9221711138697934,High
U004043,0.921599027677262,High
U005756,0.9215151076782852,High
U004409,0.9214765171838458,High
U003345,0.9214122804932384,High
U005501,0.9213728975077093,High
U005238,0.9213058307500581,High
U000123,0.9212813102836239,High
U001732,0.9211571176156226,High
U002639,0.9203313396587696,High
U003475,0.9201642842939046,High
U002086,0.9201386240014083,High
U003643,0.9200986339826968,High
U008672,0.9200668881136577,High
U003654,0.9200363655103481,High
U003246,0.9196827212892674,High
U008359,0.9196494140051971,High
U008111,0.919647368600971,High
U006508,0.919506474654709,High
U003875,0.9192122810677305,High
U002611,0.9190792898641235,High
U008235,0.9189792808221569,High
U007171,0.9189752095611571,High
U009938,0.9185901973420707,High
U001593,0.9185844856742112,High
U007346,0.9184399076227152,High
U000477,0.9181909822705316,High
U005966,0.9180578054925306,High
U006390,0.9179269749287289,High
U008871,0.9176000178622461,High
U004020,0.9174911783925264,High
U004601,0.917415534345217,High
U004284,0.9172989206036373,High
U002669,0.9172515454405215,High
U008987,0.9170670881698016,High
U007949,0.9170275712518381,High
U005658,0.9169473225617617,High
U003468,0.9168954883596878,High
U006242,0.9168849082074949,High
U007934,0.9168042542080035,High
U003901,0.9165754038365763,High
U003438,0.9165535845299034,High
U005707,0.9165047660879552,High
U007402,0.9164767843047669,High
U001470,0.9163557393631165,High
U006530,0.9159918502881174,High
U002159,0.9159493887815745,High
U004686,0.9157931308077805,High
U002572,0.9157646811826734,High
U000301,0.9157303210123611,High
U002163,0.9156707740685054,High
U009564,0.9156386107309955,High
U007552,0.9154939152072937,High
U009691,0.9152575515217015,High
U006931,0.9150719246846741,High
U004708,0.9149081731961641,High
U006467,0.9146818355783474,High
U001728,0.9146743940748115,High
U003946,0.9145418294442238,High
U005082,0.91451671901816,High
U007522,0.9144184575336333,High
U001025,0.9142761043215532,High
U000320,0.9142469580954159,High
U001533,0.9139937015697697,High
U004599,0.9139702371446955,High
U005296,0.9138454147026994,High
U004435,0.9137834923048419,High
U005437,0.9137333301479549,High
U003258,0.9136933893843504,High
U008914,0.9135928795090185,High
U008845,0.9133653234010329,High
U006670,0.9133588966998109,High
U005442,0.9132820987708041,High
U007953,0.9130352914075978,High
U000101,0.9127687375186233,High
U008221,0.9125146758928426,High
U005409,0.9123909097182605,High
U005770,0.9123475426429298,High
U003964,0.912253280486877,High
U008402,0.9122368193483544,High
U007506,0.9119657570613472,High
U007200,0.9119070440773158,High
U006024,0.9118508711189413,High
U004629,0.9118341268201982,High
U003240,0.9118078564109983,High
U000506,0.9117592013752968,High
U007788,0.9117264543955276,High
U008592,0.911634093301971,High
U003242,0.9114970622471446,High
U005349,0.9113361781815125,High
U000511,0.9112895675133416,High
U006094,0.9112237549006035,High
U004312,0.9110923502680711,High
U007443,0.9110761887897995,High
U002976,0.9110475014633527,High
U002696,0.9110339739286931,High
U009409,0.9108745183791236,High
U005497,0.9106671210460299,High
U008416,0.9104610784632338,High
U004632,0.9103773972483239,High
U008584,0.9102404449137975,High
U009643,0.9101469748364589,High
U004255,0.9101384155588802,High
U009956,0.9100652578247868,High
U009005,0.9100622672552627,High
U006555,0.9100320800017385,High
U006236,0.9099768605379392,High
U005563,0.9098832912976503,High
U007567,0.9098732193714052,High
U007764,0.9096339578043762,High
U005221,0.9096154053686368,High
U002841,0.9095810293070964,High
U002065,0.9095482680247953,High
U001476,0.9095373783995584,High
U000372,0.9095271601288691,High
U001220,0.9093837535823275,High
U000358,0.909377461767201,High
U004914,0.9092632430570059,High
U008420,0.9092457016164894,High
U004983,0.9091757056458288,High
U001966,0.9091565773612933,High
U009636,0.9090505182945036,High
U009356,0.9090469818886785,High
U005428,0.9089824882637894,High
U008092,0.9089194651501128,High
U006364,0.9088918896921462,High
U007924,0.9087021103473134,High
U007804,0.9086165409586535,High
U008651,0.9085754397560093,High
U000171,0.908546454813777,High
U000745,0.9084787140372679,High
U008458,0.9083241708663412,High
U004221,0.9082928463995823,High
U004702,0.9081152824937697,High
U000902,0.9080994015241953,High
U006271,0.9079719288252008,High
U002957,0.9078872708677785,High
U002347,0.9078763048515027,High
U008468,0.9077907300439064,High
U000656,0.907737756133904,High
U002275,0.9077210009027371,High
U001509,0.9077203870690461,High
U005853,0.9077082971104855,High
U003041,0.9074721012669968,High
U007306,0.9074630988937744,High
U000384,0.9074500250872137,High
U001665,0.9074000558614768,High
U001264,0.907129316297219,High
U000273,0.9070736217727439,High
U000396,0.9070722960952381,High
U001066,0.9069676766611042,High
U006070,0.9069167938754414,High
U006543,0.9068937153323046,High
U007261,0.9067579444355829,High
U009388,0.9067219863872039,High
U006105,0.9066191743460281,High
U005012,0.906517699675873,High
U003775,0.9064446653092922,High
U001975,0.9064210843997622,High
U008433,0.9060678071032663,High
U000590,0.9060629573471597,High
U002215,0.9060624429410002,High
U001664,0.906056482014543,High
U001894,0.9060439137779069,High
U000381,0.905991195036669,High
U004363,0.9059802872236795,High
U001156,0.905975415425081,High
U006653,0.9059226359757298,High
U004088,0.9056072761183036,High
U007046,0.9055603221062417,High
U000472,0.9055400769604596,High
U000121,0.9055308649842169,High
U004019,0.9055001541623391,High
U005785,0.9054359369465973,High
U003832,0.9054215938106406,High
U003904,0.9051541965565351,High
U001786,0.905085203922529,High
U002922,0.9050480159299122,High
U005824,0.9047832847541594,High
U005703,0.904760884214506,High
U004226,0.9047249998152818,High
U000879,0.9047091141001654,High
U004289,0.9045812184082385,High
U005271,0.9045466116663293,High
U001184,0.9045179032080196,High
U003320,0.9045147221005979,High
U008892,0.9044801621469375,High
U009362,0.9044132393085785,High
U005446,0.9044041212272168,High
U004007,0.9043472284132658,High
U007869,0.9043338918052483,High
U007444,0.9043151374831997,High
U007529,0.9043008656652082,High
U005022,0.9042025015157842,High
U004179,0.9041315363670934,High
U008742,0.90410437905995,High
U003375,0.9040918184623308,High
U009663,0.9039731924708745,High
U000870,0.9039251480578375,High
U002164,0.9038793244286448,High
U006360,0.9038744631069227,High
U009266,0.9038602805327486,High
U001709,0.9038314367667971,High
U007717,0.9035420054025239,High
U003398,0.9035149913044122,High
U007357,0.9034912502618948,High
U005201,0.9033901154604206,High
U002812,0.903196213028664,High
U004145,0.90312469586446,High
U003145,0.9030075136408076,High
U005763,0.9029250993813156,High
U009136,0.9028709666283192,High
U009879,0.9027357117977263,High
U003150,0.9026898966960566,High
U002189,0.9026620100957379,High
U003527,0.9026583220429535,High
U000347,0.90258867530921,High
U008507,0.9025573728973696,High
U004099,0.9025294186883194,High
U001186,0.9024390606681475,High
U005073,0.9024296760562,High
U008227,0.9024246097595429,High
U000992,0.9023707668924815,High
U002947,0.9023616898368633,High
U009607,0.9022399506395257,High
U009920,0.902223824155191,High
U007659,0.9020899694721365,High
U008372,0.90202839453303,High
U001287,0.9019542283394092,High
U002263,0.9019504651483778,High
U009321,0.9018781917039068,High
U006304,0.9017591363081461,High
U005911,0.9016320236817316,High
U005503,0.9013141056251609,High
U003023,0.9012590586380186,High
U007003,0.9012092168207603,High
U001298,0.901202834122131,High
U003818,0.9010305550026665,High
U000467,0.9009254350660494,High
U002348,0.9008103297513985,High
U005817,0.9007962667021867,High
U007061,0.9007734534935429,High
U008406,0.9007654765688454,High
U005250,0.9006034606442279,High
U005146,0.9005923371327788,High
U008578,0.9005613675786591,High
U009821,0.9005068765199786,High
U009962,0.9004710076564854,High
U009264,0.9004636516266111,High
U001697,0.900407014715864,High
U000382,0.9003687697357227,High
U006445,0.9003230747754271,High
U005961,0.9002956024399806,High
U004457,0.9002786719548914,High
U006362,0.9002090920724028,High
U005094,0.9001973003090478,High
U003035,0.9000235594379145,High
U004943,0.8999728899227635,High
U006898,0.8999579235543038,High
U005152,0.8999469231277802,High
U006580,0.8999313599895524,High
U006760,0.8999014965953498,High
U004061,0.8998462905409041,High
U004497,0.8997919778021998,High
U000526,0.8997212260444246,High
U005219,0.8996225665938443,High
U004990,0.89961499134739,High
U003118,0.8995168442144487,High
U009939,0.8994561716422718,High
U002889,0.899447047972832,High
U005040,0.8994218100921644,High
U007318,0.8993410586963807,High
U008201,0.8993319939220591,High
U005072,0.8991805830108767,High
U004704,0.899179051883615,High
U006638,0.8989513558516791,High
U007448,0.898639756564758,High
U008814,0.8985785508701012,High
U009351,0.8985744224872338,High
U009215,0.8985378697381503,High
U008566,0.8984446950096239,High
U005821,0.898443387671366,High
U002181,0.8983508412431114,High
U004036,0.8983477085866486,High
U009866,0.8983287259315805,High
U005632,0.8982854922563193,High
U009493,0.89818842821338,High
U008866,0.8981730837900526,High
U002103,0.898169296286246,High
U000840,0.8981628002751083,High
U005518,0.8981512041240773,High
U003557,0.89813027644464,High
U002273,0.8980275254739746,High
U001132,0.8980006161263919,High
U008265,0.8977175336170247,High
U001316,0.8975145328994598,High
U005877,0.8975019758997914,High
U009150,0.8974197238279897,High
U005974,0.8972100087373029,High
U007434,0.8970151937814791,High
U006563,0.8968870911586478,High
U000773,0.8968410345807547,High
U001411,0.8967654874555049,High
U007627,0.8967078768507868,High
U000873,0.8966731594663091,High
U003893,0.8966565657902313,High
U000859,0.8965597953507399,High
U008407,0.8964870893814139,High
U006540,0.8964576988887752,High
U000877,0.8963926641932748,High
U002859,0.8962842178717116,High
U000442,0.8962475809910044,High
U002042,0.8962350552068585,High
U006718,0.8962308654053308,High
U005360,0.8958600460981013,High
U003743,0.8958391533886221,High
U002944,0.895833374742265,High
U005377,0.8957538013448013,High
U003024,0.8956624033689993,High
U007790,0.8956008496330484,High
U004590,0.8954121612278153,High
U006846,0.8953912286071392,High
U006789,0.8952327270771344,High
U009079,0.8952115026606521,High
U005553,0.8950607661290116,High
U003346,0.8950147228894408,High
U001768,0.8948945822970669,High
U009352,0.8947863408050862,High
U002699,0.8947845688688042,High
U001008,0.894664061722105,High
U009576,0.8946235183075114,High
U001141,0.8944389731062281,High
U003102,0.8944076961435984,High
U006533,0.8942642594754716,High
U003985,0.8942352087523635,High
U005281,0.8941838801576617,High
U005720,0.8941360760120761,High
U000100,0.8941138309032857,High
U009770,0.8940886772480112,High
U001942,0.894087774146715,High
U005234,0.8940851415320503,High
U001027,0.8939959644757799,High
U006865,0.893991618866914,High
U001138,0.8939886277233424,High
U000716,0.8939794288255158,High
U004618,0.8939323222482289,High
U003056,0.893708804480044,High
U004451,0.8936212632929784,High
U002644,0.8935758647056643,High
U008864,0.8935286200550274,High
U003052,0.8935092260287224,High
U002532,0.8932321014534326,High
U008800,0.8931729099949834,High
U006284,0.892961110821924,High
U003720,0.8929198995925054,High
U002043,0.8928546684860025,High
U005671,0.8928478110651341,High
U003911,0.8926775433502967,High
U006601,0.8926713929707776,High
U007161,0.892609950239961,High
U007062,0.8924964175453282,High
U006069,0.892383495530717,High
U007474,0.8922999494943455,High
U002697,0.8922827296279249,High
U007538,0.8922186859957566,High
U008728,0.8921088391588146,High
U004843,0.8920668627449129,High
U007980,0.8920411686440418,High
U007680,0.8920065724861084,High
U006615,0.8919849159344997,High
U009575,0.8919228080946489,High
U005429,0.891792338266686,High
U009450,0.8917824736500387,High
U006347,0.8917351231156754,High
U000527,0.8916406088792485,High
U003759,0.8916039510853596,High
U004097,0.8915804314966913,High
U009861,0.8914884138692866,High
U007398,0.8914649182344542,High
U006393,0.891435029375345,High
U003874,0.8914315589366467,High
U000257,0.8914150157840848,High
U001430,0.8912926569284807,High
U009871,0.8912769914850145,High
U009580,0.8912545005689414,High
U000653,0.8911986215954977,High
U003975,0.891161702718848,High
U000240,0.8910922279791845,High
U007077,0.8910853600169039,High
U004571,0.8910552659898147,High
U002047,0.8910316150200773,High
U009129,0.8910254742371513,High
U006424,0.8909395538873173,High
U004774,0.8908821277720235,High
U004469,0.8906910494485024,High
U005790,0.8906406197525185,High
U004475,0.8906259079473005,High
U006009,0.8905611694308533,High
U003352,0.8905331675847741,High
U002594,0.8903260487328398,High
U007739,0.8903059614199847,High
U000661,0.8902075345258649,High
U004836,0.8901944877177935,High
U007252,0.890164052621942,High
U003610,0.8900288560841328,High
U007270,0.8899678790282401,High
U003767,0.8898617490944409,High
U000782,0.8897349064837381,High
U009064,0.889703447297063,High
U002191,0.889621934424815,High
U006553,0.8895838825828501,High
U002913,0.8895644039637756,High
U002729,0.8895565807251596,High
U008007,0.8895518756643339,High
U009405,0.8894483922769776,High
U005468,0.889427896113209,High
U008553,0.8893947658414644,High
U000963,0.8893196796356103,High
U009952,0.8891962020725961,High
U009307,0.8891017467545804,High
U001190,0.8890213602601726,High
U007176,0.8890189495675324,High
U005434,0.8890092012461303,High
U007580,0.8889717056125348,High
U007999,0.888813727412392,High
U006941,0.8887149790957632,High
U009590,0.8886997675851385,High
U007316,0.8885570097169777,High
U003657,0.888515425191056,High
U008709,0.888492709267657,High
U005118,0.8884244289758287,High
U008813,0.8884025152800311,High
U001236,0.8883469062999204,High
U000706,0.8883162277470715,High
U003822,0.8882912763837915,High
U009063,0.8882588230039352,High
U005815,0.8882117571113306,High
U003030,0.8881862020755826,High
U006713,0.8881397740750717,High
U006701,0.888122918183715,High
U002451,0.8880994647722618,High
U005598,0.8880849905791447,High
U006048,0.8879883643065257,High
U007964,0.8879338971414141,High
U005609,0.8878694231528435,High
U006276,0.8878598516423376,High
U007435,0.8878005942495634,High
U003362,0.8877349178506901,High
U006997,0.8877214875290381,High
U003764,0.8876381653003926,High
U001017,0.8874250574658591,High
U009528,0.8874220669702534,High
U008198,0.887348709869876,High
U005677,0.8873307255709699,High
U005204,0.8873017651645065,High
U009296,0.8872626573371618,High
U001325,0.8872086489747989,High
U007354,0.8872060660109724,High
U000518,0.8870173049630279,High
U004263,0.8870170867746917,High
U006977,0.8869686556570039,High
U000488,0.8868313075465366,High
U002650,0.8867570718140453,High
U004401,0.8867178986482639,High
U008318,0.8867092559219801,High
U009854,0.8866810026648294,High
U006202,0.8866395766093254,High
U009000,0.8866373242437575,High
U004651,0.8864496162368839,High
U003461,0.8864237842809074,High
U005401,0.8863470951919684,High
U006020,0.8863265645133224,High
U007419,0.88630554086745,High
U008163,0.8862849810039998,High
U004405,0.8862767410829542,High
U009475,0.8862271439603085,High
U002828,0.8862172165047935,High
U000951,0.8861442701790173,High
U007177,0.8861199782263445,High
U009943,0.886104473551129,High
U007797,0.8861012387728503,High
U000006,0.8860997381404379,High
U002808,0.8860934497819366,High
U000498,0.8860465164875941,High
U000155,0.8860318520473256,High
U007792,0.885940720262195,High
U002920,0.8858942583741581,High
U000595,0.8858082136831075,High
U009587,0.8857254387295745,High
U000230,0.8855156959087067,High
U003861,0.8855045855766253,High
U007591,0.8853749636189704,High
U009647,0.885330011050765,High
U008369,0.8853125764423033,High
U007998,0.8852896759252644,High
U004500,0.8852701512733193,High
U008702,0.8852659122411437,High
U002318,0.8852514286105709,High
U004016,0.8852501159536886,High
U001739,0.8852404905297239,High
U007427,0.8851984625963871,High
U003289,0.8851433296680132,High
U004749,0.8849891281187793,High
U005643,0.8847849097601878,High
U007299,0.8847772346976808,High
U009577,0.8847680436072874,High
U001274,0.8847493127520696,High
U001656,0.8847418497212636,High
U001879,0.8844259250392507,High
U009706,0.8844254943116244,High
U001514,0.8844081612105044,High
U007756,0.8843992823120155,High
U007459,0.8843159301012951,High
U007910,0.8843139807414458,High
U006469,0.8843001993378284,High
U000809,0.8840613211134467,High
U001419,0.8840401562260944,High
U005697,0.8840316535650341,High
U004212,0.8839268798822437,High
U003444,0.883905170243968,High
U006842,0.8838670637966486,High
U003088,0.8838394801629258,High
U000284,0.8837966970905607,High
U004200,0.8836669984041657,High
U007413,0.8835251808014908,High
U009769,0.8835146418995171,High
U003229,0.883503107846243,High
U004700,0.8834370469698015,High
U001118,0.8834251853773314,High
U002829,0.8834247565549695,High
U004205,0.8833693444784053,High
U002758,0.8832382375132972,High
U009076,0.8832167838745778,High
U005692,0.8831803536911471,High
U006176,0.8831445838161571,High
U005983,0.8831421591648889,High
U001505,0.8830522743513245,High
U001635,0.883019754539244,High
U003094,0.8829453798756763,High
U003678,0.8829116455151294,High
U006152,0.8828740191646766,High
U000581,0.8828583859655194,High
U004281,0.8828567915364698,High
U005909,0.8827836865690784,High
U007652,0.8827639020144648,High
U000342,0.8827121050591045,High
U009411,0.8824796569324194,High
U001972,0.8824537827559833,High
U009761,0.8824246504492567,High
U001034,0.8823617944145209,High
U006475,0.8823557709080905,High
U005157,0.8822837166179286,High
U005615,0.8822180773053073,High
U000557,0.8822132941181207,High
U008171,0.8821715169507676,High
U006414,0.882126365852553,High
U002308,0.8821088946680631,High
U006007,0.8820869583118227,High
U009270,0.8820009173585439,High
U007825,0.881996824135944,High
U005191,0.8819765268274022,High
U008738,0.881972242555704,High
U007372,0.8818769842786347,High
U002711,0.8818568806958287,High
U005880,0.8818262541307549,High
U006091,0.8818108693219913,High
U008259,0.8817525201328524,High
U008495,0.8817507005242665,High
U009526,0.8817389979071447,High
U004041,0.8817190322641132,High
U009402,0.8814226755244272,High
U000647,0.8813876172391015,High
U008278,0.8812855265796788,High
U006599,0.8812323597227346,High
U000025,0.8811890500278213,High
U003403,0.8811504870619505,High
U008362,0.8811255257426902,High
U002554,0.8811197797231273,High
U001951,0.8809965601023262,High
U004852,0.8809719854565212,High
U002662,0.8808972549302062,High
U007751,0.8807574097545544,High
U003164,0.8806964031765753,High
U006859,0.8805572029572107,High
U009488,0.8804982919645005,High
U000429,0.8804273985975765,High
U006737,0.8803436667032603,High
U001106,0.8802436415028749,High
U002695,0.8802374114415786,High
U004238,0.8801643684155829,High
U006047,0.8801628090129343,High
U008980,0.8801284918836672,High
U000617,0.8801252694988223,High
U005984,0.8801112559374522,High
U007523,0.8800903824212126,High
U001341,0.8800681646407429,High
U006111,0.8800460222794775,High
U001954,0.8800363102953983,High
U002523,0.88001592939882,High
U004791,0.8799218533039453,High
U002585,0.8798804621146045,High
U002165,0.8798724695306106,High
U008086,0.8797296944705504,High
U009100,0.8797101571421443,High
U008506,0.879658191272072,High
U007780,0.8795887741396814,High
U007186,0.8795352144197638,High
U004395,0.8795342984776714,High
U007314,0.8795156731951377,High
U007190,0.8795137465405521,High
U001114,0.8794993956198297,High
U005766,0.8793848796828097,High
U006526,0.8792913420449735,High
U005617,0.8792601702792737,High
U003877,0.8792598373158493,High
U002815,0.8792545117098903,High
U002055,0.879162466617776,High
U007597,0.8791530303441687,High
U005015,0.8791441291933363,High
U000856,0.8788995547449868,High
U000443,0.8788763599163986,High
U007865,0.8788590169975022,High
U000351,0.8788534321509903,High
U006175,0.8787378381164805,High
U009688,0.878733646105108,High
U005699,0.8785961331732177,High
U002500,0.8785162684178615,High
U007639,0.8784743730648951,High
U006711,0.8783020753411763,High
U001583,0.8781901986586458,High
U000613,0.878104777948763,High
U001701,0.878085899783959,High
U001632,0.8778996971518727,High
U006330,0.8778463576427119,High
U000486,0.8777768112401091,High
U001182,0.8776529912966902,High
U002801,0.8776180193877892,High
U006465,0.8775347486907912,High
U008630,0.8773347768720677,High
U006550,0.8773177319061276,High
U002805,0.8772791321473024,High
U001891,0.8771600491269785,High
U006908,0.8769872315216957,High
U004332,0.8769175029939024,High
U000876,0.8768227843428046,High
U008744,0.8767509759252248,High
U009262,0.8764964094818659,High
U007823,0.8764494104006738,High
U007650,0.8764229877799196,High
U003080,0.8763830004557046,High
U004383,0.8763016940092372,High
U009719,0.8761982906964414,High
U008686,0.8760318322286849,High
U009428,0.8760100075423252,High
U009483,0.876003787525117,High
U007048,0.8759931395656347,High
U009666,0.8759718059816004,High
U005923,0.8759636423270187,High
U006349,0.8759472146892519,High
U002591,0.8759461861502079,High
U006376,0.8759026694879729,High
U000388,0.8757483946057403,High
U004795,0.8757210091374387,High
U003127,0.8757095615368494,High
U000714,0.8757026116227058,High
U003566,0.8756251884477626,High
U009200,0.8755628192035628,High
U002536,0.875403916206586,High
U001811,0.8753931967611812,High
U007281,0.8753140717441197,High
U000925,0.8750480012370453,High
U008588,0.8749105746860399,High
U005126,0.874767661591278,High
U008564,0.8747480007513282,High
U003044,0.874504109087786,High
U001296,0.8744755532968048,High
U008241,0.873895984114553,High
U000415,0.8738134465857553,High
U008084,0.873754983750887,High
U005454,0.8736629592776862,High
U006810,0.873631858861946,High
U001024,0.8735511910542973,High
U007605,0.8734095578369633,High
U005608,0.873307482392328,High
U004537,0.8731612209548676,High
U008808,0.8730349240329504,High
U008408,0.8729959361529172,High
U000258,0.87295842969914,High
U005611,0.8729050353816493,High
U000375,0.8728521161569742,High
U009371,0.8727493118310037,High
U005629,0.8726507688656665,High
U006896,0.8724288997729935,High
U000642,0.8724151414804447,High
U005086,0.8724134048153416,High
U008816,0.8723628361396386,High
U007198,0.8723590022807133,High
U003568,0.8722229239388795,High
U000197,0.8721438125252368,High
U009166,0.8720905458363031,High
U009585,0.8720671663107236,High
U004675,0.8719665955374333,High
U001374,0.8719188208177904,High
U009757,0.8718902996145507,High
U005856,0.8716640796032452,High
U003510,0.8714950295813437,High
U001159,0.871448987119948,High
U009304,0.871297237734371,High
U009481,0.8712629944013186,High
U000250,0.8711777696945942,High
U004812,0.8710615755062324,High
U001536,0.8710571055049978,High
U009935,0.870883464342723,High
U003535,0.870591713276356,High
U007391,0.8705735938597818,High
U009715,0.8703264956243317,High
U002633,0.8702917544199683,High
U008775,0.8702154454525158,High
U006596,0.870202462711954,High
U007267,0.8700864623213697,High
U004906,0.8699656543900142,High
U001413,0.8699027323846816,High
U006585,0.869889824613631,High
U006193,0.8698398149728156,High
U009569,0.869806286484389,High
U006112,0.869612809522531,High
U004759,0.8694454491475608,High
U004084,0.8694360707861389,High
U004072,0.8693027610600437,High
U009780,0.8692594408250954,High
U005716,0.8690697574084207,High
U007576,0.8689617809193987,High
U002085,0.8689082415006506,High
U008949,0.8688921839885694,High
U008916,0.868872265024987,High
U007324,0.8686347883574612,High
U004161,0.868509644020765,High
U005980,0.8683434516767293,High
U005630,0.8679985552537827,High
U005021,0.8679608058968887,High
U004583,0.8678721268507524,High
U007796,0.867855854288503,High
U002640,0.8675358494419528,High
U003069,0.8673736529815992,High
U006056,0.8672435056360076,High
U006902,0.8672206932784708,High
U006134,0.8672071803964081,High
U000680,0.8659358763415779,High
U006733,0.865536017991351,High
U007600,0.865131489013575,High
U001776,0.8651188835104867,High
U006101,0.8650023361698266,High
U007350,0.8647978513495717,High
U005491,0.8641373329166231,High
U008600,0.8640461366425464,High
U008073,0.8639780042450163,High
U002081,0.8638807752276534,High
U001037,0.8638143440784893,High
U004126,0.8637375661221951,High
U009570,0.8636960903465032,High
U004772,0.8636948165047085,High
U001726,0.8634718823238462,High
U003430,0.8634379649838126,High
U009606,0.8632788543665534,High
U001569,0.8630729191728567,High
U005084,0.8629117268300738,High
U002083,0.8626945304668048,High
U000620,0.8624901930687033,High
U009701,0.8624380876276436,High
U009783,0.8620001942038793,High
U008770,0.8619708898789861,High
U007027,0.8619247761261322,High
U005037,0.8619239312508392,High
U006270,0.86183736952866,High
U003806,0.8615657208056794,High
U001910,0.8614074211601426,High
U000221,0.8613876132290744,High
U006227,0.8613062323670472,High
U001694,0.8610335704759483,High
U002927,0.8609881740899646,High
U009957,0.8609220510211754,High
U003699,0.8609140865095054,High
U003712,0.860804470728511,High
U008547,0.8606764564256825,High
U007217,0.8602849451381982,High
U001576,0.8601299040684012,High
U004837,0.8600232396250549,High
U007399,0.8600043816708234,High
U009932,0.8599806911701893,High
U000726,0.8599428856223236,High
U004067,0.8598361654917482,High
U002579,0.8597126588844062,High
U008720,0.8596365989924698,High
U005701,0.8595940681841648,High
U001858,0.8591035584749084,High
U005619,0.8589929275942799,High
U004901,0.8586384368682313,High
U002482,0.8583530609460515,High
U003494,0.8583480042699536,High
U002659,0.8582465543155158,High
U000550,0.8580246308134388,High
U003328,0.858007436031405,High
U003340,0.8576355464018047,High
U004105,0.8576122543850491,High
U008580,0.8571594757840767,High
U005388,0.8569788142081712,High
U002208,0.8566433004384129,High
U003484,0.8562144523886857,High
U007477,0.8559185237220379,High
U008185,0.8555760474653118,High
U008465,0.8549240702944327,High
U006261,0.8547897478172036,High
U004715,0.8547626125850296,High
U009121,0.854745507569654,High
U004710,0.8543999334890551,High
U002240,0.8540138813159366,High
U005127,0.8535326399663974,High
U006344,0.853485887619363,High
U003922,0.8533931790300577,High
U000624,0.853219906763904,High
U005399,0.8531783045848859,High
U005112,0.8529017535388725,High
U005125,0.8526056781429118,High
U003696,0.8525310208477154,High
U008208,0.8520109444271984,High
U009893,0.8517969186103497,High
U008424,0.8516006567767341,High
U004108,0.851578698631421,High
U002032,0.8513561954256248,High
U001816,0.8512180981300849,High
U003199,0.8511550479586113,High
U003981,0.8506063467205355,High
U004386,0.8503022454578958,High
U005088,0.8498800141743404,High
U003897,0.8496499662892398,High
U002359,0.8496048846328965,High
U001483,0.849114258058829,High
U005141,0.8490071189548578,High
U003538,0.8487406941823873,High
U004087,0.8486665279920189,High
U000750,0.8483172739722693,High
U003180,0.8481453676712016,High
U000435,0.8481426088590551,High
U002575,0.8479566583132677,High
U008154,0.8478207219361732,High
U004935,0.8477857025075055,High
U008959,0.847330560683552,High
U005679,0.8473135476527864,High
U002752,0.8470958165513568,High
U009776,0.8466591606250726,High
U007568,0.8464519627227876,High
U004569,0.8464285981983934,High
U005968,0.8462083497441729,High
U004937,0.8457598116752529,High
U004907,0.8456721388956023,High
U008519,0.8455866829944689,High
U009816,0.8446965406672295,High
U009161,0.844673675091778,High
U002825,0.8441892191258756,High
U003871,0.8441321219607208,High
U000735,0.843488083345663,High
U002217,0.8414984657338026,High
U001254,0.8412014674028719,High
U002683,0.8397817688558722,High
U001604,0.8397155231118515,High
U009389,0.839314779757786,High
U004013,0.8389897327486538,High
U003850,0.8385194204978028,High
U008986,0.8382588892150755,High
U001539,0.8378264043917772,High
U000075,0.8375825582527108,High
U009511,0.8374626095064247,High
U007539,0.8371312818621764,High
U000402,0.8362768518226233,High
U001046,0.8361417225628561,High
U009808,0.8354478065156229,High
U009414,0.8349373199231728,High
U005788,0.8348832444041411,High
U001358,0.8345496919221786,High
U003361,0.8336530401674647,High
U001682,0.832125947473426,High
U004970,0.8321123442100599,High
U007411,0.8312473880608864,High
U005942,0.831019923166005,High
U003559,0.8306425257361003,High
U009837,0.8290141817282938,High
U009773,0.8290115019639699,High
U009712,0.8288088237429829,High
U008300,0.8286868369333437,High
U001564,0.8264916391151615,High
U004609,0.825873349041961,High
U008961,0.8257807738362023,High
U006501,0.824720897577868,High
U006820,0.8240842991871814,High
U004819,0.8234679929710659,High
U005093,0.8230711245995294,High
U008459,0.8207371740830375,High
U004528,0.8200104462123637,High
U002818,0.8187155169607706,High
U007165,0.8186383110530852,High
U002568,0.8165961847488965,High
U005847,0.8162689053920806,High
U007467,0.8151900148317661,High
U006794,0.8141661649578184,High
U009439,0.8137855034583432,High
U003153,0.8137683132385726,High
U004714,0.812451731056239,High
U005640,0.8106824435279733,High
U005976,0.8098931568507638,High
U007276,0.809289773429226,High
U002427,0.808528883506495,High
U007786,0.8074006927296558,High
U001759,0.8069018178325342,High
U002494,0.8068291336708469,High
U009487,0.8052799733809844,High
U000803,0.8033333408591586,High
U008784,0.8018453041977867,High
U000322,0.8014510276580539,High
U009763,0.8004750598387005,High
U004814,0.7992597327538496,High
U006729,0.797520892591743,High
U009658,0.7920029357897724,High
U001128,0.7893881904788463,High
U008042,0.7878189442075919,High
U003979,0.7867886861015135,High
U001227,0.7856919118641266,High
U004829,0.7820702633838388,High
U003586,0.7785538505861864,High
U003891,0.7732828750599022,High
U001679,0.7684002233694265,High
U004316,0.7421407612394718,High
U002892,0.7417588855183591,High
U008669,0.7280459465765943,High
U009199,0.7215978129830282,High
U003481,0.7092779550658964,High
U000366,0.670940796990347,Medium
U005259,0.2598182023628749,Low
U008729,0.2501747099414984,Low
U004122,0.24383138149768485,Low
U005801,0.24286508507348692,Low
U002148,0.22103546452754302,Low
U005184,0.219442070970534,Low
U009759,0.21683453506470823,Low
U009890,0.21299500991483136,Low
U007546,0.21060931638359406,Low
U008460,0.2052475093191647,Low
U009889,0.20310179732233152,Low
U004920,0.20264344869152637,Low
U006139,0.2024605302611562,Low
U003448,0.2019310876605595,Low
U004802,0.20177255112894785,Low
U008194,0.20044566854494802,Low
U005889,0.19765255312737742,Low
U000927,0.19615526291571603,Low
U003879,0.1957887344831753,Low
U002945,0.1940959484960514,Low
U007782,0.19358952076967945,Low
U001798,0.1925980830691711,Low
U009440,0.1921829072747566,Low
U008852,0.1918803368232285,Low
U003137,0.19177820117346026,Low
U005557,0.19143538055729573,Low
U002455,0.18983890300971976,Low
U000118,0.18807534677936372,Low
U001790,0.18757337966973497,Low
U009754,0.18715915385757156,Low
U006518,0.18678615348254318,Low
U009819,0.18608362489946223,Low
U003108,0.18548623938275186,Low
U003706,0.1853630594788794,Low
U009592,0.1847954000448933,Low
U004619,0.18453096013709275,Low
U008603,0.1841121299025135,Low
U003364,0.18388986138087696,Low
U006544,0.18308980455060778,Low
U003384,0.18304352398641455,Low
U002111,0.18113722092259127,Low
U001893,0.18095760456844404,Low
U008690,0.1803704426870605,Low
U007854,0.17970967814638114,Low
U008328,0.17879460624807422,Low
U001906,0.17832377024316404,Low
U003612,0.1778648089249835,Low
U009180,0.17749941164120442,Low
U000414,0.17674660892572433,Low
U005873,0.17660643385406846,Low
U009454,0.17625236701003708,Low
U004865,0.17595252052262406,Low
U002814,0.17560293237190877,Low
U008797,0.17515515529318285,Low
U006167,0.17495200966734795,Low
U009915,0.174700782887152,Low
U007000,0.17423649336828556,Low
U007575,0.17303612170836977,Low
U000105,0.17298511828428143,Low
U009674,0.17291900412373226,Low
U008786,0.1725740068954923,Low
U007827,0.17136725924308022,Low
U007518,0.1710118069279949,Low
U004069,0.17034689201901268,Low
U001082,0.16989015122912446,Low
U009106,0.16972254399713774,Low
U005623,0.1696742416362845,Low
U001680,0.1695989473842719,Low
U006399,0.16935759189272814,Low
U004146,0.1690034056778261,Low
U005781,0.16897861970500883,Low
U000370,0.16798813528808004,Low
U003509,0.1668759923246887,Low
U007125,0.16613902401334266,Low
U006006,0.165875462744969,Low
U000237,0.16546792868428065,Low
U005602,0.16541645833373828,Low
U000325,0.1653585998006905,Low
U006683,0.165338660557227,Low
U004792,0.16526408014612218,Low
U008245,0.165135451511956,Low
U003821,0.16488199575402962,Low
U008878,0.16431426801777563,Low
U008777,0.16373127924278447,Low
U003718,0.16365364896852785,Low
U006707,0.16357910122533667,Low
U005839,0.16343840478111957,Low
U003314,0.163390678712182,Low
U004459,0.1632822924805888,Low
U003307,0.16249760059377544,Low
U005904,0.16235937712750106,Low
U003068,0.16190730020997854,Low
U001985,0.16176159036800952,Low
U000242,0.1616281588276385,Low
U002423,0.1615324957963533,Low
U006065,0.1614573264291207,Low
U001041,0.16112109363370664,Low
U001702,0.1608928677703213,Low
U007982,0.16086976348976104,Low
U004143,0.1607304809964742,Low
U006407,0.1605963036402229,Low
U002663,0.16048835442876253,Low
U007447,0.16016444472058894,Low
U008964,0.15995105427871642,Low
U005081,0.1597961129645564,Low
U000285,0.15921241663469485,Low
U005266,0.15872688657491488,Low
U002809,0.15844125658195052,Low
U005618,0.158381327351546,Low
U005958,0.1583628328998468,Low
U006093,0.1578314749253204,Low
U008701,0.1574975159665777,Low
U000007,0.15726215917564856,Low
U002261,0.15724088726561086,Low
U008074,0.15694180611137332,Low
U009746,0.15674304744901654,Low
U005972,0.156719225744451,Low
U001225,0.15669954285935705,Low
U006058,0.15659209816667244,Low
U007438,0.15657888147947266,Low
U009175,0.15654130938340763,Low
U003956,0.15620871838451275,Low
U007767,0.1561537282619463,Low
U006969,0.1559321730551738,Low
U008206,0.15558783905134246,Low
U005534,0.15516580635084457,Low
U005310,0.15448860275243154,Low
U007119,0.15430844679187034,Low
U004381,0.15412265766448585,Low
U007745,0.15358412832837331,Low
U009550,0.15348703456159352,Low
U008530,0.15337501999283362,Low
U005423,0.15287325154176812,Low
U001638,0.15281392975294192,Low
U009417,0.15255425594328573,Low
U006534,0.15242873591405712,Low
U004185,0.1523681640363742,Low
U001333,0.15186787664905865,Low
U006238,0.1516347974751888,Low
U002961,0.1515872810239149,Low
U005263,0.1515738610605492,Low
U003042,0.15132594364936652,Low
U007364,0.15124900661107277,Low
U009826,0.15111299000385647,Low
U004151,0.15098225315379796,Low
U002075,0.15097705969343972,Low
U007755,0.15069112551841515,Low
U005858,0.15066372256338054,Low
U004465,0.15058886770505256,Low
U000327,0.15053288018939676,Low
U004295,0.1504791762220432,Low
U001144,0.15040048228812533,Low
U004256,0.15029810050663192,Low
U008504,0.15004000631194167,Low
U005060,0.14987755891840854,Low
U001613,0.14983915305212145,Low
U002545,0.14983524028411735,Low
U009283,0.149758432526752,Low
U004922,0.1496469211531556,Low
U005254,0.14957769099588952,Low
U002930,0.14917399234188677,Low
U003386,0.14890552207600039,Low
U008440,0.14884688524636647,Low
U007784,0.14875810665300007,Low
U001783,0.14856896466044453,Low
U009320,0.14852859891174894,Low
U002357,0.14846939402613224,Low
U006631,0.14839373712983187,Low
U002914,0.14836021385259238,Low
U003095,0.14833045766324834,Low
U009221,0.14828310879583417,Low
U003263,0.1480714973294608,Low
U001314,0.14801771254274748,Low
U005135,0.14793885326216946,Low
U002383,0.14770009517251323,Low
U005134,0.14768523647855966,Low
U001160,0.14750482239485596,Low
U008877,0.1474254652919881,Low
U005517,0.14728348781476375,Low
U004695,0.14711947155507005,Low
U008696,0.14691845260163036,Low
U007666,0.14690056212491387,Low
U006478,0.1468423089973712,Low
U004204,0.1467234154003394,Low
U004258,0.14640791222433372,Low
U007990,0.146140667061481,Low
U007452,0.14600918718486683,Low
U001958,0.145842626350734,Low
U005214,0.14583747415145842,Low
U006228,0.14575234609602114,Low
U008789,0.1457479224538861,Low
U009208,0.14567097456147488,Low
U001235,0.14527591561580863,Low
U007957,0.1452377505609679,Low
U000708,0.14523603477250455,Low
U005323,0.1449103131474937,Low
U002508,0.14488801355558747,Low
U003188,0.14449726858915882,Low
U002888,0.1443890769578616,Low
U006822,0.14429716902166248,Low
U001100,0.14411356888650234,Low
U005620,0.14399202876535314,Low
U008975,0.14394113163250066,Low
U001545,0.143817896502922,Low
U005055,0.14364090580228295,Low
U005527,0.14350487673507364,Low
U000132,0.14349096209758944,Low
U002954,0.1434725191401269,Low
U001934,0.14345977091252046,Low
U007203,0.1430982270457731,Low
U005840,0.14300230417287899,Low
U005469,0.14277084262786427,Low
U005885,0.14274583473061087,Low
U005548,0.14259744440406247,Low
U004654,0.14253917058107726,Low
U001324,0.14230846629205543,Low
U008624,0.14218030836001508,Low
U008516,0.1421580338047514,Low
U001662,0.14175958454431944,Low
U001892,0.1417572931464412,Low
U004011,0.1413172587799612,Low
U005747,0.1410004268116052,Low
U007610,0.1408979725747288,Low
U009220,0.14075888945593804,Low
U004770,0.14072528606346327,Low
U001904,0.14048838649101966,Low
U007175,0.14032570442549952,Low
U008499,0.14016306998266612,Low
U007711,0.14009331926425447,Low
U004133,0.13996264622373572,Low
U006786,0.13982362683552396,Low
U006868,0.139789340201107,Low
U006911,0.1396851351361503,Low
U008520,0.13967135886092813,Low
U005278,0.1395165287779577,Low
U002376,0.1394537838569116,Low
U000354,0.13927239168869276,Low
U006351,0.13922597737625433,Low
U005371,0.13918534566534932,Low
U008722,0.1391349568177478,Low
U002778,0.13897132444332105,Low
U000895,0.138962597702877,Low
U007727,0.13854516735140832,Low
U008607,0.13837890115765192,Low
U006309,0.1381040588085027,Low
U006912,0.1378158240443439,Low
U008280,0.13776111371085054,Low
U005970,0.1377028548690452,Low
U002066,0.1375589273741312,Low
U003923,0.13725224896026994,Low
U008910,0.13716513563368912,Low
U007094,0.13716073243860685,Low
U007293,0.13714148105808907,Low
U002900,0.13678362511202757,Low
U009091,0.13675250816937262,Low
U008350,0.1365840825883306,Low
U003458,0.13656223555439556,Low
U005197,0.13643474908216421,Low
U000996,0.13627281452739765,Low
U004828,0.13623020405293615,Low
U003112,0.13619443215318391,Low
U001080,0.13612412436140306,Low
U009401,0.1360884042811357,Low
U005977,0.13604127752907835,Low
U003036,0.13595462698282085,Low
U005814,0.13569494153748893,Low
U002682,0.13568671784036865,Low
U008950,0.1354142625757633,Low
U008946,0.13531768977189393,Low
U004626,0.13517218549445376,Low
U006205,0.13489821286200113,Low
U008659,0.13483486326720873,Low
U002985,0.13477589420686464,Low
U005064,0.1347265414535575,Low
U007028,0.13439750632736114,Low
U005823,0.13422802572022727,Low
U009925,0.1341504747412348,Low
U006149,0.1341340883558872,Low
U007683,0.1341309330404183,Low
U005991,0.13405290562516303,Low
U000206,0.13386402565597502,Low
U001791,0.13374487386647704,Low
U006043,0.13360648036804773,Low
U009709,0.13359721172529337,Low
U004657,0.1335961591926414,Low
U004744,0.13345690808686292,Low
U002830,0.13318097182919023,Low
U009913,0.13308654496242786,Low
U007765,0.13292944696147602,Low
U003507,0.13287164931204618,Low
U008397,0.132870517680925,Low
U000528,0.13275337078837035,Low
U006507,0.1325955089287484,Low
U002584,0.13220821187390677,Low
U003807,0.13217013752846718,Low
U002300,0.13202465946498654,Low
U007880,0.13184807381775732,Low
U006589,0.13176627647753697,Low
U004110,0.13175484162785658,Low
U007651,0.13168903739903473,Low
U000690,0.1316621213231612,Low
U000298,0.131549906360123,Low
U005457,0.13150746363239318,Low
U009848,0.13142979088753518,Low
U009225,0.13127596909790099,Low
U000302,0.13127050551405392,Low
U008312,0.13108477531387774,Low
U003014,0.13105988139470454,Low
U000027,0.13099423593516119,Low
U004644,0.1309308808663515,Low
U006011,0.13087758234789187,Low
U004672,0.13082084266101698,Low
U002441,0.1307779148076409,Low
U001810,0.13077019150036695,Low
U005043,0.13065053381613193,Low
U001861,0.13053820791730333,Low
U005955,0.13045527841684731,Low
U004331,0.1304337751278832,Low
U000786,0.13035612790837012,Low
U009288,0.13031153370367352,Low
U001908,0.13030313897613577,Low
U005702,0.13007000932882457,Low
U008662,0.13004497131812878,Low
U002615,0.12997701854829782,Low
U003619,0.12992403862223997,Low
U002473,0.12969767339360833,Low
U001993,0.12963099878930354,Low
U007516,0.12962739211604135,Low
U004163,0.12958748737454776,Low
U009796,0.12951371516629345,Low
U000880,0.12950424946791964,Low
U004815,0.12946810832919375,Low
U006964,0.12940329150421406,Low
U007658,0.1293897789505014,Low
U000858,0.12932234882322777,Low
U007701,0.1292747214673943,Low
U000216,0.1292449243710028,Low
U008539,0.12922700348587768,Low
U008197,0.1290594059523225,Low
U000602,0.1290477574818216,Low
U006562,0.12899594397345415,Low
U005522,0.12887664869008653,Low
U009196,0.12879488620285137,Low
U003223,0.12872736545416993,Low
U003674,0.12869288673642626,Low
U000928,0.1286524857413593,Low
U006693,0.1285758310385418,Low
U008165,0.1285663347134089,Low
U004889,0.12842086201268324,Low
U001131,0.12841482880669466,Low
U007368,0.1283190073885825,Low
U005659,0.12830361486895797,Low
U008451,0.12821596432925497,Low
U003295,0.12781085169562695,Low
U001519,0.12770382386232612,Low
U002886,0.12768708841559287,Low
U000549,0.12764385871361153,Low
U001737,0.1276388773556543,Low
U003779,0.1273871025524664,Low
U005562,0.12735562753384239,Low
U007338,0.12735231399753266,Low
U006470,0.12711046014034094,Low
U008122,0.1270110990090324,Low
U009337,0.12700607400978417,Low
U009393,0.12692810219603415,Low
U000198,0.12682885378167763,Low
U005519,0.1268258195181783,Low
U003113,0.1267438018746501,Low
U000986,0.12650800361228445,Low
U009335,0.12647302335686836,Low
U007330,0.1264238039483872,Low
U008071,0.12625804839259522,Low
U006581,0.12618360531376013,Low
U009474,0.12611594430947487,Low
U004780,0.12606958847759997,Low
U006189,0.12601912881647767,Low
U008399,0.12600808227084184,Low
U006702,0.1257850223594958,Low
U006406,0.12575856014994038,Low
U009846,0.12568867614747303,Low
U007515,0.12560516805256663,Low
U009130,0.12560458850597164,Low
U008276,0.12556267510137803,Low
U008040,0.12530984298995704,Low
U000313,0.12514195119227206,Low
U004798,0.12502726027301406,Low
U006742,0.12476361361663121,Low
U006732,0.12450888534582896,Low
U001179,0.12441035075172299,Low
U002667,0.12436126266997909,Low
U003486,0.12435941348172083,Low
U006845,0.12432179166392268,Low
U005155,0.12411939569421024,Low
U004466,0.12408836779468002,Low
U001983,0.12406292538766962,Low
U000465,0.12385120444670862,Low
U003666,0.12353307086235073,Low
U006720,0.12331548316861857,Low
U007469,0.12305663373581144,Low
U007909,0.12302551974003002,Low
U001636,0.12291750070285765,Low
U001026,0.12290962277487189,Low
U007486,0.12290360916171311,Low
U000162,0.12278956327234886,Low
U006290,0.12276932997672396,Low
U004172,0.12274239160043111,Low
U009476,0.12274195571872326,Low
U008645,0.12265141007950511,Low
U009249,0.1225854621908721,Low
U005711,0.12254767109076539,Low
U007335,0.12242468754833342,Low
U006365,0.12224359290866692,Low
U003411,0.12221378613850384,Low
U004530,0.12212164279766556,Low
U006448,0.12208468963529981,Low
U004454,0.12194931613670904,Low
U000399,0.12156302588916647,Low
U003863,0.12148124946014577,Low
U004494,0.12142722222085903,Low
U008965,0.12134665176684079,Low
U002745,0.12132100534727068,Low
U005165,0.12120049700438586,Low
U003609,0.12099589708524135,Low
U000164,0.12098235368206732,Low
U000457,0.12090756078256583,Low
U003816,0.12085524611567859,Low
U000874,0.12075956756237809,Low
U008147,0.12074183431140235,Low
U008644,0.12065942727650654,Low
U002280,0.12059287928688928,Low
U004994,0.12053574728744064,Low
U004554,0.12049433922040258,Low
U006805,0.12045290130810947,Low
U002370,0.12045068226811831,Low
U006736,0.12035121919533973,Low
U007214,0.12018948707844754,Low
U001581,0.12003861198909989,Low
U008815,0.12000364139126894,Low
U009722,0.11994826421041385,Low
U001642,0.1199295902567939,Low
U009901,0.11985465475706018,Low
U009862,0.1194778781429588,Low
U007901,0.11944721800605612,Low
U006600,0.11943347110634335,Low
U007641,0.11941822535167654,Low
U004501,0.11939076309566103,Low
U005467,0.11934616468264013,Low
U000194,0.11934096669910099,Low
U009308,0.11930622373333277,Low
U000323,0.11915951715309125,Low
U005627,0.11915720753965849,Low
U003932,0.1190630195545011,Low
U004692,0.11880185368054041,Low
U003091,0.11862238781007935,Low
U009489,0.11860170486949227,Low
U000695,0.118550183707256,Low
U003492,0.11851796211526594,Low
U004522,0.11837036217567994,Low
U000808,0.11823515894609533,Low
U004228,0.11805577443885194,Low
U009694,0.11799785418130386,Low
U003385,0.11797565963785388,Low
U006915,0.11794848729208272,Low
U007178,0.11791796978355192,Low
U007606,0.11766141711608234,Low
U005460,0.11722152452873985,Low
U006923,0.11714134008697002,Low
U008377,0.11704568846459079,Low
U003073,0.11704142832075157,Low
U007247,0.1169310586063978,Low
U008769,0.11691731288609583,Low
U002212,0.11679852734480044,Low
U009668,0.11668954541574311,Low
U006164,0.11668713949809278,Low
U000036,0.11661143497570023,Low
U005654,0.11659732958867941,Low
U006968,0.11647734847308193,Low
U001437,0.11646512550703507,Low
U009940,0.1164568165682115,Low
U007109,0.11639639025552795,Low
U001150,0.11628027375242114,Low
U005202,0.11622496889567008,Low
U002531,0.11613151150507152,Low
U002630,0.11606077408929995,Low
U007608,0.11603944843167609,Low
U004373,0.11601079884584144,Low
U000083,0.11600699129724537,Low
U000329,0.11570481828157687,Low
U004144,0.11566042245493843,Low
U000050,0.11558668920312154,Low
U000081,0.11558036884995568,Low
U001956,0.11556071179884972,Low
U006061,0.11551136227986315,Low
U005647,0.1153057348394731,Low
U001255,0.11520797041026043,Low
U000811,0.1150257602856389,Low
U000911,0.11495528234867403,Low
U004696,0.11483983672976547,Low
U002846,0.11480859662443052,Low
U008839,0.11470834879568677,Low
U002969,0.11460330448519361,Low
U005628,0.11460316040991124,Low
U008812,0.11458617492279986,Low
U000898,0.11457113150216397,Low
U004636,0.11417143117457522,Low
U004857,0.11413510540677013,Low
U002466,0.11410994685015155,Low
U009533,0.11410237973052233,Low
U007758,0.11403097476081626,Low
U006690,0.11400835530950085,Low
U008931,0.11399759695392964,Low
U001744,0.11393313529555618,Low
U004612,0.11388133830573179,Low
U008290,0.1138784101201467,Low
U004415,0.11382640996075401,Low
U004470,0.11376043433583469,Low
U003431,0.1137401823015666,Low
U006674,0.11371649930350015,Low
U000267,0.11364089415815845,Low
U008153,0.11362181096317973,Low
U006441,0.11353588110562962,Low
U006524,0.11346885209426104,Low
U009847,0.11335182981367196,Low
U003296,0.113342378840149,Low
U007508,0.11327664779991026,Low
U006419,0.11295703297059849,Low
U004562,0.11294880905620343,Low
U002051,0.11284125375874847,Low
U004561,0.11283687401724068,Low
U004155,0.11278346347041993,Low
U006244,0.11276016212543166,Low
U005575,0.11275746790572595,Low
U002576,0.1127475924760292,Low
U005865,0.11252461180306113,Low
U006127,0.11242212531516296,Low
U009616,0.11225408807376448,Low
U008617,0.11215805024022864,Low
U005625,0.11211894284995289,Low
U007481,0.11199839858888293,Low
U000455,0.11195547161399766,Low
U006569,0.1116773417864101,Low
U007131,0.11160164559389385,Low
U000131,0.1115971637820529,Low
U007471,0.11154180885693324,Low
U000260,0.11151414374204949,Low
U000428,0.1114919339951574,Low
U005674,0.11143602953096635,Low
U005597,0.1113848999970582,Low
U004949,0.11133153532207034,Low
U002335,0.1112632841758794,Low
U008028,0.11118398929808176,Low
U007708,0.11106345985225259,Low
U008643,0.11103566846041683,Low
U009753,0.11099877291934442,Low
U007697,0.11083183406000817,Low
U007255,0.11079425299242367,Low
U001578,0.1107660552906832,Low
U000187,0.11066308286679413,Low
U005057,0.11064966764956628,Low
U008123,0.11064499904077764,Low
U002797,0.11057631462493736,Low
U003165,0.11057267004902059,Low
U009480,0.11049875152606049,Low
U007743,0.11047875709445973,Low
U004534,0.11041648367332767,Low
U005804,0.1102323903239253,Low
U008441,0.11014658975192736,Low
U006532,0.10992591477229179,Low
U000052,0.10980145504559305,Low
U008615,0.10976241640725705,Low
U007076,0.10963977132850097,Low
U009142,0.10962275184274727,Low
U000853,0.10961164089598753,Low
U003794,0.10952301655064256,Low
U000280,0.10951913635746967,Low
U009190,0.10947711325349822,Low
U002893,0.10945809567162883,Low
U004073,0.10940980109808883,Low
U000066,0.1093935128363646,Low
U007219,0.10935409649261475,Low
U001491,0.10932854925886452,Low
U005448,0.10931930704499726,Low
U005427,0.10929777217454609,Low
U003497,0.10919158910723725,Low
U000297,0.10913914298351733,Low
U008714,0.10909190561949064,Low
U002686,0.10898489696446895,Low
U008453,0.10896070150614995,Low
U000517,0.10895039944141645,Low
U001481,0.10891690975600285,Low
U006226,0.10879575113206165,Low
U006214,0.10872067980814012,Low
U009922,0.10853516334424236,Low
U001555,0.10843335853480296,Low
U000173,0.10840661660642775,Low
U007362,0.10840624252820044,Low
U001827,0.10815816511582846,Low
U008338,0.10805220052520209,Low
U005167,0.10804476193808807,Low
U009918,0.10802699912389581,Low
U000515,0.10798776416409671,Low
U002177,0.1078549089400941,Low
U002804,0.10763713332992425,Low
U000561,0.10762760218637571,Low
U002940,0.1074744923290595,Low
U000761,0.10743584963431767,Low
U009505,0.10743052238647706,Low
U006554,0.10742938650974686,Low
U007269,0.10741737938323234,Low
U007097,0.10736378105218394,Low
U000157,0.10734735321667803,Low
U000102,0.1073434287504399,Low
U003439,0.10734284082834637,Low
U001054,0.10734054155218593,Low
U003354,0.10731783715127857,Low
U002262,0.10728239167985082,Low
U009376,0.1072686566501904,Low
U006535,0.1071802171905131,Low
U005696,0.10715633697575726,Low
U001484,0.10709486072274452,Low
U000031,0.10705494588652632,Low
U007877,0.10691591051110198,Low
U008463,0.10688633189480745,Low
U007973,0.10688432517194148,Low
U002687,0.1068410635689113,Low
U006578,0.10682132035208941,Low
U003493,0.1068211088315371,Low
U002004,0.10680932371763925,Low
U007715,0.1067287269644017,Low
U004735,0.10667542751937586,Low
U001468,0.106662630344363,Low
U002296,0.10662443534107975,Low
U004320,0.10660906219473905,Low
U000781,0.10657167579994947,Low
U007834,0.10651367083251939,Low
U009330,0.106384001013336,Low
U003824,0.10636968978809445,Low
U006306,0.10635967605958103,Low
U009276,0.10634519621723497,Low
U005340,0.10624063916135967,Low
U000965,0.10623616842662319,Low
U004038,0.10623519708442204,Low
U006133,0.10617500931405173,Low
U007302,0.10607196379830133,Low
U006074,0.10604710484131676,Low
U009820,0.10597888810516423,Low
U007783,0.1059478541972858,Low
U001747,0.10593013621226,Low
U006715,0.10592449226603202,Low
U005046,0.10573945112003091,Low
U005896,0.10556251623769278,Low
U009367,0.10538874864456252,Low
U004064,0.10525100984575284,Low
U000008,0.10520117815231143,Low
U007984,0.10518929511490663,Low
U002721,0.10516676330394086,Low
U009673,0.10514242755510533,Low
U002171,0.10513560862414673,Low
U006172,0.10509332006956304,Low
U006885,0.10508041163891788,Low
U001038,0.10507681832682335,Low
U003244,0.10505624802608445,Low
U009676,0.1050174016700021,Low
U008021,0.10493991463991403,Low
U008202,0.10493468478866513,Low
U009251,0.10493298284437252,Low
U001762,0.10490665038304985,Low
U006291,0.1048199402929183,Low
U009822,0.10478540805428657,Low
U008882,0.10469096736105075,Low
U004418,0.10467494782898887,Low
U003809,0.1045044290649288,Low
U004362,0.1044404093641508,Low
U007809,0.10443487183342814,Low
U003798,0.10443036873505537,Low
U001464,0.10438877307685022,Low
U006660,0.10429296743557046,Low
U002238,0.1042381158280674,Low
U007124,0.10412360778555518,Low
U002590,0.1040410017288026,Low
U003204,0.10372075804321464,Low
U007525,0.10363559492499956,Low
U003459,0.10362600749560612,Low
U003748,0.10343013660110262,Low
U003266,0.1033361500292025,Low
U008875,0.10332896281903389,Low
U004769,0.10324395798204579,Low
U004993,0.10320818556408227,Low
U002807,0.10319196081000348,Low
U003170,0.10318197287583615,Low
U009109,0.10313563739366241,Low
U000588,0.10306867136935381,Low
U006109,0.10304678855567038,Low
U001248,0.10300588392309944,Low
U009399,0.10291577288821603,Low
U008031,0.10288649909403225,Low
U005415,0.10281470481382281,Low
U008996,0.10269564208581668,Low
U007187,0.10268835347433374,Low
U007887,0.10256470070695795,Low
U004655,0.10250983051748523,Low
U003813,0.10238429611284794,Low
U002943,0.10221851386458321,Low
U006302,0.10218479943266182,Low
U005645,0.10201915980302693,Low
U007227,0.10194153041771246,Low
U002736,0.10186670572682727,Low
U003238,0.10183941262209911,Low
U008013,0.1018213563771157,Low
U003368,0.10176272524116241,Low
U007464,0.10155349130755377,Low
U002067,0.10155267689887204,Low
U004318,0.10152643674051742,Low
U005306,0.10151921348265285,Low
U003227,0.10151297104500091,Low
U009778,0.1014317777986766,Low
U007248,0.10140646138831531,Low
U001801,0.10133767779958931,Low
U008134,0.10132617892280318,Low
U001487,0.10131364474086504,Low
U000725,0.10119809673490314,Low
U005074,0.10096660334124746,Low
U005757,0.10090473219158348,Low
U009747,0.10085627503952234,Low
U004104,0.10080569495878677,Low
U001889,0.1007048687272232,Low
U009914,0.10062953765528465,Low
U000012,0.10061877926308217,Low
U005154,0.10057243348106684,Low
U003154,0.10045094854390423,Low
U008389,0.10040766026317187,Low
U005068,0.10036713917861421,Low
U005393,0.10033028550039529,Low
U000878,0.10027093326608429,Low
U004480,0.1002507699986474,Low
U008500,0.10020257538372597,Low
U001913,0.10018396843175284,Low
U007334,0.1000994385586975,Low
U000697,0.10009831808198663,Low
U002771,0.10008212717502846,Low
U000843,0.10007756354266874,Low
U002827,0.09998432322763055,Low
U008944,0.09990529001088723,Low
U009179,0.099851014580576,Low
U007541,0.09984923293235586,Low
U007900,0.09970632976982524,Low
U003437,0.09967783547490264,Low
U001337,0.09961390531548595,Low
U000850,0.09958353332913598,Low
U002960,0.09944546974154916,Low
U005344,0.09940721598163227,Low
U007881,0.09935665332690119,Low
U005878,0.09928328947938483,Low
U007753,0.09923608526088504,Low
U002012,0.09923485540180627,Low
U008721,0.09913303600086192,Low
U008456,0.09907760542239204,Low
U006849,0.09892000732479518,Low
U004338,0.09888238785940588,Low
U001242,0.09887169815505568,Low
U007940,0.09867905160878535,Low
U002331,0.09864726747867986,Low
U005745,0.09864578645818682,Low
U001749,0.09862763827917272,Low
U004917,0.09861576524325544,Low
U008324,0.0984606328266876,Low
U002836,0.0983357780094976,Low
U009802,0.09831760778456307,Low
U004960,0.09830520732975538,Low
U003083,0.09821929253588971,Low
U000979,0.0981562702678481,Low
U004918,0.09797632822395622,Low
U003372,0.09794492439287605,Low
U003906,0.09794109137469696,Low
U000359,0.0979008124160234,Low
U009825,0.09789065446067559,Low
U007169,0.09787020804085364,Low
U008114,0.09783122436134929,Low
U000548,0.09757889734227014,Low
U006266,0.09751068905779828,Low
U001261,0.09742456767069489,Low
U003872,0.09734015929639593,Low
U002420,0.0973018662888564,Low
U008610,0.09720649236644302,Low
U003789,0.0971417162228528,Low
U002779,0.0971079856256472,Low
U004276,0.09707864470047659,Low
U002076,0.09697943529469809,Low
U006078,0.09696196945225187,Low
U004345,0.09690693699016466,Low
U004460,0.09688932996886333,Low
U001462,0.09677760875138551,Low
U005036,0.09669924594606999,Low
U005230,0.09667377341024234,Low
U002582,0.09632478280052024,Low
U009085,0.09616232079817241,Low
U003488,0.09611836728161535,Low
U002120,0.09607736920399318,Low
U004326,0.09606401662216507,Low
U004033,0.09601821105103733,Low
U000130,0.09598547859187853,Low
U004301,0.09591835772632613,Low
U005225,0.09578867602160114,Low
U009743,0.09563106019428613,Low
U001540,0.09553917309961038,Low
U008432,0.09546302461228358,Low
U008447,0.09534150579021033,Low
U002292,0.09519723362054043,Low
U001823,0.09516660957393817,Low
U004570,0.09516243719715708,Low
U004604,0.09505918165194122,Low
U000972,0.09502775518876402,Low
U008488,0.09489706317368159,Low
U002581,0.09484763504333461,Low
U009655,0.09482618144840607,Low
U008723,0.09478001251413705,Low
U008383,0.09472795895225962,Low
U005292,0.0946293190992869,Low
U009486,0.09462322421184555,Low
U003163,0.09457927175437784,Low
U009302,0.09454872904583089,Low
U008956,0.09449370505364355,Low
U001262,0.09446719427032509,Low
U002819,0.09444777798685816,Low
U009173,0.09442645005835722,Low
U004305,0.09425798576662851,Low
U009086,0.09411564188562072,Low
U006267,0.09410749184927555,Low
U006574,0.09406850060883702,Low
U003046,0.0939856484062778,Low
U002537,0.09396309183280317,Low
U002038,0.09391715710375934,Low
U005222,0.09387326748420963,Low
U001192,0.0938731569990246,Low
U004594,0.09386687246040372,Low
U001035,0.09382139894910228,Low
U000901,0.09372198151566184,Low
U001442,0.09369326515696144,Low
U004957,0.09368871343697056,Low
U007431,0.09367102296945788,Low
U001215,0.0936217973299029,Low
U005205,0.09348643987067883,Low
U002414,0.09341910744714742,Low
U002491,0.09339968814715745,Low
U009124,0.09325520123760826,Low
U008427,0.09313739434109491,Low
U004346,0.09302345412995082,Low
U009936,0.09296613371185611,Low
U005691,0.09295700874948216,Low
U008616,0.09292623007588059,Low
U001210,0.09290592930532135,Low
U000827,0.09286004806269639,Low
U008930,0.09281142165141996,Low
U004942,0.09277272985501069,Low
U005546,0.09275918488654905,Low
U007209,0.09265524511628835,Low
U000038,0.09261400888541514,Low
U000385,0.09261362012809757,Low
U002479,0.09259764501035955,Low
U008522,0.09255640449386934,Low
U006034,0.09242370538219989,Low
U007406,0.09241447940065811,Low
U009799,0.09226466805331685,Low
U001573,0.09225604584844359,Low
U008541,0.09224904691191553,Low
U000505,0.09224639704775456,Low
U001347,0.09224628492053283,Low
U007091,0.09203991417789259,Low
U004820,0.09203246759547236,Low
U007696,0.09190358127411143,Low
U004545,0.09181196948449603,Low
U007315,0.09180085054704762,Low
U004663,0.0917427699494445,Low
U006156,0.09169054479551418,Low
U008386,0.09166708789226269,Low
U008052,0.09163132795495138,Low
U009755,0.09160908365060903,Low
U004897,0.0914177088930555,Low
U009690,0.09137147110164073,Low
U005767,0.09133889731489651,Low
U002694,0.09129732882110295,Low
U004899,0.0912741760402727,Low
U009958,0.09120814722051866,Low
U009760,0.0911705941720221,Low
U002878,0.09108504607007661,Low
U008540,0.09107019692398274,Low
U001968,0.09102700438090784,Low
U007090,0.09099481263677715,Low
U005477,0.0907685326789559,Low
U007874,0.09069390663363099,Low
U008675,0.09063795788369701,Low
U006799,0.09062854878601849,Low
U009817,0.09059029595747871,Low
U002567,0.0905195522076019,Low
U009059,0.09046500520798675,Low
U001428,0.09040668155837153,Low
U003799,0.0903763755879816,Low
U006245,0.09023601458113487,Low
U007292,0.09016530631101023,Low
U008314,0.09008527619403248,Low
U002131,0.09004779917632734,Low
U007264,0.08999025283785228,Low
U003760,0.08998615423122551,Low
U000537,0.08995023170066607,Low
U004367,0.08993892323569229,Low
U003268,0.08990315147377129,Low
U007503,0.08979685257043603,Low
U008632,0.08977717321590026,Low
U001412,0.08968472668651094,Low
U007611,0.0896825165729247,Low
U002540,0.08949122492135782,Low
U004357,0.08942316065818695,Low
U000810,0.08941964406083797,Low
U003152,0.08939042683643533,Low
U006335,0.08937338167377859,Low
U001799,0.08930094694154306,Low
U002285,0.08927308388701734,Low
U000615,0.08924444179427463,Low
U006749,0.0892347132167985,Low
U009665,0.08918947992114151,Low
U000888,0.08918733147853183,Low
U002513,0.08915268739809581,Low
U009381,0.08914885922835929,Low
U005594,0.08903043689175615,Low
U004254,0.08902737527410627,Low
U005130,0.08896261229513094,Low
U004359,0.08885958157848144,Low
U007649,0.08884444949312159,Low
U008393,0.08878784343454199,Low
U009630,0.08873497683346365,Low
U008963,0.08871135300377991,Low
U005180,0.08866975960086548,Low
U008288,0.08864053959872896,Low
U009128,0.08851408172783044,Low
U002314,0.08847818793861109,Low
U007233,0.08847534271524461,Low
U003620,0.08839395578488761,Low
U005102,0.08833788951980788,Low
U005870,0.08830822722112278,Low
U006604,0.08822847334149213,Low
U004115,0.08819236149733875,Low
U006208,0.08797363752624995,Low
U006443,0.08792901804099626,Low
U009615,0.0879190290650583,Low
U004131,0.08785511968008809,Low
U007035,0.08782495513456906,Low
U007044,0.08770368903043257,Low
U003920,0.08769169205220095,Low
U008697,0.08767998094410333,Low
U000390,0.08767291783557074,Low
U001206,0.08761885289109099,Low
U007475,0.08746866792322326,Low
U005714,0.08746739434020963,Low
U009911,0.08732038685576045,Low
U002641,0.08728594577949954,Low
U002317,0.08728582140029868,Low
U009244,0.08725099285742238,Low
U002578,0.08723996861892265,Low
U003487,0.08716470226153403,Low
U007947,0.08709114891795654,Low
U003540,0.08701104888970551,Low
U009815,0.08694152663193717,Low
U005240,0.08691134503559018,Low
U007274,0.0868778553696374,Low
U003669,0.08687085912968415,Low
U009608,0.08680454735955703,Low
U006481,0.08677362961055657,Low
U001403,0.08663802154252927,Low
U009290,0.08650028705833003,Low
U005198,0.0864917897260069,Low
U000223,0.0864253638993005,Low
U007824,0.08633770495444675,Low
U007216,0.08632381195016693,Low
U001802,0.08615184386814655,Low
U002588,0.08614053165281942,Low
U003858,0.08613179326438843,Low
U001266,0.08612958361087351,Low
U003909,0.08610068085023881,Low
U008898,0.0860949877627191,Low
U004747,0.08608462857805167,Low
U007078,0.08608138893921975,Low
U003950,0.08590011855334746,Low
U001998,0.08587900632643658,Low
U006582,0.08585074784319956,Low
U003315,0.08574497617109221,Low
U001284,0.0857371831949286,Low
U004967,0.08561830582565276,Low
U004058,0.08547825517062439,Low
U005215,0.08526661533532992,Low
U006323,0.08523770496368693,Low
U004903,0.08516902142623944,Low
U001070,0.08509503603342701,Low
U001634,0.08508207681623225,Low
U003640,0.0850304415374993,Low
U006888,0.08502486789147234,Low
U006088,0.08498849372679292,Low
U002193,0.0848747383301267,Low
U001155,0.08482669103810346,Low
U004578,0.08479196137687303,Low
U002926,0.08468053356654476,Low
U004117,0.08466004231126277,Low
U003702,0.0845886204760872,Low
U000500,0.084587841241127,Low
U005028,0.0844659146069049,Low
U001923,0.08446400633293556,Low
U004729,0.08426023786961703,Low
U000897,0.08408959436456724,Low
U009271,0.08403541437665842,Low
U000737,0.08402869843620853,Low
U008051,0.08399606119275413,Low
U008150,0.0839388376055669,Low
U005120,0.0838581941739979,Low
U004848,0.08384445910993389,Low
U004803,0.08373336557402643,Low
U007813,0.08367718739429295,Low
U000949,0.08355604696278339,Low
U005262,0.08346719731721229,Low
U003652,0.0834419542126132,Low
U008282,0.0834059444401977,Low
U009025,0.08326113107017566,Low
U005995,0.0832452218819006,Low
U008411,0.08311178748111385,Low
U001687,0.08291154202418628,Low
U003121,0.08290651036094815,Low
U001855,0.08285731125412646,Low
U006874,0.08284957812489804,Low
U009132,0.0827648930465981,Low
U008177,0.08268960142885814,Low
U009500,0.08264319565817992,Low
U007193,0.08262263410663012,Low
U003648,0.08262204955745496,Low
U004574,0.08258898162690016,Low
U006282,0.08255619331704078,Low
U003389,0.08251960717317505,Low
U009814,0.08251932480230106,Low
U004234,0.08251804572953518,Low
U009868,0.08246872138766001,Low
U008634,0.08243271603710473,Low
U000729,0.0823811240271528,Low
U005181,0.08235988865795163,Low
U007716,0.08235882817308812,Low
U000768,0.08231997746443193,Low
U004677,0.08227382490538933,Low
U008231,0.08220733837567418,Low
U000677,0.08213951847470426,Low
U000411,0.0821022676489462,Low
U006431,0.082094382628881,Low
U006541,0.08203710338131304,Low
U002558,0.0819999143423144,Low
U008724,0.08199377232852086,Low
U007017,0.08197919609382817,Low
U008942,0.08195217094245542,Low
U002589,0.0817216290397266,Low
U002140,0.0817092859303749,Low
U004319,0.08170883329498213,Low
U004498,0.08164930327148293,Low
U002980,0.08151348760539737,Low
U006646,0.08150862654104912,Low
U001260,0.08149075612426693,Low
U006502,0.081360785739008,Low
U009407,0.08134006763817152,Low
U002175,0.08131474354842934,Low
U001584,0.08126312042088532,Low
U005440,0.08124627231459942,Low
U002820,0.08119751973295655,Low
U000228,0.08118528345478827,Low
U003234,0.08108903257686219,Low
U008782,0.08086504808464917,Low
U007642,0.08086370824061512,Low
U009042,0.08085847914726198,Low
U008752,0.08083156554925955,Low
U004832,0.08081851104226803,Low
U008501,0.08076570054375816,Low
U008242,0.08074484381224976,Low
U005704,0.0807444494207293,Low
U004688,0.08073711465571007,Low
U000111,0.08073654386189424,Low
U007092,0.08066054499288043,Low
U004429,0.08049195576012975,Low
U002580,0.08047085278175556,Low
U003845,0.08016925246337323,Low
U003429,0.08015609531213481,Low
U009347,0.08004433246206247,Low
U005000,0.07997240319118032,Low
U003857,0.07996923263892783,Low
U002440,0.07993410140244409,Low
U001110,0.07988794599019551,Low
U003237,0.0798878128222732,Low
U000468,0.07980878424905588,Low
U000741,0.07971072027395426,Low
U000269,0.07961228847771444,Low
U009811,0.07950257256458487,Low
U003117,0.07936640681222845,Low
U008085,0.07928911230775534,Low
U008498,0.0792047338733735,Low
U000487,0.07919529101463856,Low
U006037,0.07888081643187192,Low
U009618,0.07886615351842181,Low
U001992,0.07885467577671287,Low
U004510,0.07885369929001329,Low
U004807,0.07875687118080733,Low
U008010,0.07872687184526334,Low
U005857,0.07854753572858728,Low
U001362,0.07854335628204268,Low
U001590,0.07854235459815188,Low
U007579,0.07849036927710304,Low
U002796,0.07847447105265644,Low
U002162,0.07845141837278181,Low
U003309,0.07834963363294198,Low
U008475,0.07822995284298478,Low
U001743,0.07822388096247562,Low
U005048,0.0780406947868432,Low
U003197,0.07795744921015876,Low
U002986,0.07793079613476932,Low
U005759,0.07792566264251533,Low
U007407,0.07791777441849876,Low
U005681,0.077814010671365,Low
U001963,0.07779623835426527,Low
U002658,0.07763292569078174,Low
U009596,0.07763051688635912,Low
U000973,0.07758192777250877,Low
U000104,0.07752100381025218,Low
U006123,0.07750711757314926,Low
U007104,0.07749352970372506,Low
U007211,0.07748623275208884,Low
U005372,0.07746265087314738,Low
U009775,0.0774489012202622,Low
U002723,0.07743109316910247,Low
U004598,0.07730794341693145,Low
U006891,0.07728455659963568,Low
U001567,0.07721673748845635,Low
U003921,0.07719403235505744,Low
U002735,0.07712868747904478,Low
U009097,0.07712343253582779,Low
U001775,0.07708468381747227,Low
U002690,0.07699139858668619,Low
U003067,0.07697566220296337,Low
U001356,0.0769330961211968,Low
U003156,0.07685583081436351,Low
U002996,0.07682376414183273,Low
U006725,0.07673828217221178,Low
U006108,0.07670989075558443,Low
U009139,0.0766880068874757,Low
U006082,0.07668203200118348,Low
U001387,0.07644356364069105,Low
U009004,0.0763459577610983,Low
U007442,0.07632631533741169,Low
U002706,0.07631047160662392,Low
U006659,0.0761217168433318,Low
U003715,0.07611945055362555,Low
U008192,0.07603253550536017,Low
U008699,0.07593514885916662,Low
U009315,0.07591755999437705,Low
U004600,0.07590690545266772,Low
U000969,0.075841607724657,Low
U003472,0.07575833203088386,Low
U000700,0.07573230155142639,Low
U004371,0.07559100821842564,Low
U001277,0.07552122766733266,Low
U005246,0.07542811136509442,Low
U006546,0.07533617354740443,Low
U004936,0.07527099381589764,Low
U003735,0.07526480166165801,Low
U008343,0.07521905552060837,Low
U007861,0.07515236586194254,Low
U006992,0.07505690277910099,Low
U003632,0.07498460547788248,Low
U003924,0.0748779626006061,Low
U008622,0.0748034765589607,Low
U004502,0.07479554454722626,Low
U004186,0.074777627626916,Low
U002661,0.07467992748290668,Low
U004508,0.07464245808234907,Low
U003502,0.07443434566748436,Low
U007378,0.07438266481640539,Low
U009538,0.07416674298311615,Low
U009997,0.07403353753255609,Low
U001693,0.07402209489564891,Low
U006178,0.07398216699285542,Low
U006379,0.07388366480328014,Low
U006751,0.07386427300204217,Low
U000218,0.07374105322034541,Low
U008471,0.07372737325509152,Low
U007987,0.07360510799630379,Low
U006628,0.07357586879578215,Low
U003915,0.07351942552741232,Low
U003954,0.07348693047621746,Low
U001585,0.0734772896674441,Low
U006278,0.07343861599706765,Low
U001595,0.07340332287833236,Low
U009838,0.0733997679860132,Low
U001398,0.07339446304168123,Low
U009456,0.07332182259959832,Low
U007836,0.0733022764433825,Low
U006022,0.07328867510053444,Low
U007741,0.07322969455224956,Low
U004533,0.07310120519389149,Low
U002102,0.07309077249808035,Low
U000049,0.07306864584756718,Low
U007540,0.07286139022975897,Low
U006121,0.0728344115733885,Low
U001614,0.07281914532144182,Low
U002303,0.07277658776036092,Low
U000217,0.07275352639313243,Low
U001541,0.07272313967911581,Low
U005029,0.07267051184796139,Low
U004979,0.07261702410899482,Low
U003077,0.0725863656863201,Low
U003405,0.07240029968563343,Low
U000564,0.07232236590924798,Low
U001023,0.07218241628154264,Low
U005751,0.07217365576857479,Low
U009075,0.07204370274991816,Low
U005220,0.0719322651574941,Low
U000484,0.07189049588917844,Low
U006030,0.07187240008720727,Low
U007343,0.07186301424162625,Low
U005136,0.07184895078933716,Low
U003288,0.07183000072657705,Low
U008608,0.07180727181309733,Low
U004447,0.07177357108348448,Low
U004156,0.07175184056974851,Low
U005577,0.07173199953736521,Low
U000645,0.0716574679617912,Low
U005421,0.07156321410014592,Low
U004782,0.07144732183561411,Low
U007422,0.0714453267239375,Low
U003667,0.07130322565867306,Low
U000099,0.07124899277999786,Low
U005564,0.07123377645855232,Low
U008431,0.0711617408126246,Low
U000862,0.07114367802236927,Low
U006286,0.07105255760367019,Low
U005792,0.07095690951430401,Low
U006935,0.07082222813983444,Low
U001116,0.07080015997079946,Low
U008100,0.0707551148169826,Low
U005959,0.07075440223700806,Low
U007559,0.07069890718322992,Low
U000409,0.07069001660495083,Low
U003250,0.07063328521058654,Low
U009624,0.07054962932974665,Low
U002972,0.0704973160539261,Low
U005315,0.0704911109529608,Low
U003724,0.07043223430335865,Low
U005351,0.07032430709764637,Low
U002265,0.07020271081566343,Low
U003917,0.07001094331489197,Low
U000348,0.06991364889941434,Low
U000451,0.06989582658646504,Low
U008103,0.06979520818728739,Low
U001425,0.06977022945576537,Low
U003123,0.06966917042188144,Low
U000282,0.06966363791789758,Low
U009177,0.06964491727226296,Low
U007601,0.06949222169630796,Low
U003592,0.06943362761387092,Low
U006206,0.06928240362957078,Low
U006841,0.06913924543161841,Low
U008279,0.0690762254477519,Low
U003783,0.06901106937976766,Low
U008753,0.06885779951474023,Low
U001853,0.06861906985707274,Low
U000587,0.06842744081001022,Low
U005161,0.0684230245099097,Low
U004633,0.06833199260558485,Low
U004271,0.06826732488759647,Low
U009350,0.06820309536919444,Low
U002018,0.06817658021358312,Low
U003300,0.06791389333167114,Low
U005616,0.06790244146678019,Low
U006680,0.06779375039642362,Low
U008779,0.0677710497648995,Low
U009419,0.0676944468554551,Low
U000668,0.0676259372645919,Low
U000357,0.0675398544185631,Low
U007221,0.06747930796661562,Low
U006051,0.06740507616915445,Low
U000062,0.06718753280445625,Low
U009705,0.06714789998476695,Low
U001592,0.06696713895085817,Low
U000086,0.06692198043696135,Low
U009299,0.06690500935733612,Low
U002767,0.06677851886597189,Low
U007951,0.06669539591043777,Low
U004348,0.06657287143486035,Low
U002115,0.0663343061343129,Low
U005820,0.06629802549415953,Low
U003864,0.06623920078259495,Low
U009953,0.06615876838590479,Low
U004232,0.06611537033792958,Low
U000875,0.06610149668476119,Low
U009117,0.06599088887542572,Low
U001011,0.06597168336458205,Low
U004387,0.06596975437005656,Low
U000493,0.06595720793394796,Low
U009395,0.06586929620053197,Low
U005414,0.06583129003213412,Low
U009904,0.06574652132916477,Low
U001962,0.06558948592955358,Low
U005930,0.06545220372638853,Low
U007636,0.06534681789723204,Low
U002613,0.06525212193680648,Low
U008430,0.06518404112244724,Low
U009640,0.06505065732750837,Low
U000338,0.06496162435640221,Low
U005288,0.0649128894556529,Low
U004521,0.06490404965397109,Low
U006021,0.06478181454957518,Low
U007837,0.06473802847709524,Low
U009855,0.06461611632723249,Low
U009828,0.06457825179297709,Low
U000831,0.06443610211882679,Low
U009316,0.06437609144803144,Low
U006816,0.0643382007698726,Low
U007793,0.06429799793644113,Low
U005391,0.06427029732012342,Low
U008629,0.06413615324533013,Low
U006689,0.06372730495620484,Low
U003747,0.06366286523681143,Low
U001259,0.06315107247778122,Low
U008482,0.06304970498539376,Low
U006722,0.0630213716979388,Low
U002366,0.06300575329399946,Low
U005588,0.06291377554636197,Low
U007948,0.0626879769306064,Low
U007428,0.06250489792742558,Low
U006233,0.062466753693414374,Low
U001620,0.062223254221688486,Low
U007117,0.062220912291238085,Low
U006775,0.06201820155135691,Low
U009301,0.06183564586886856,Low
U003782,0.06174468286305251,Low
U000439,0.06173993371717769,Low
U005363,0.06170477972962113,Low
U008652,0.06161078353924793,Low
U007371,0.061340311754237486,Low
U000150,0.06107341444139719,Low
U006909,0.06104094723660544,Low
U005092,0.06102729647172935,Low
U000834,0.060898583263993195,Low
U001756,0.0608801018394101,Low
U000344,0.060808289975709195,Low
U009247,0.06079216928494979,Low
U001446,0.06073063694877958,Low
U004841,0.060529626538715284,Low
U003421,0.060484185170788525,Low
U001675,0.06047393730456592,Low
U007429,0.06039025014672842,Low
U008340,0.0602906209835556,Low
U006153,0.06011664935030384,Low
U003247,0.06011471060289608,Low
U005513,0.0600352317833522,Low
U000830,0.0599475360524498,Low
U000367,0.059754148280408925,Low
U009127,0.05931797787440431,Low
U009080,0.058827208174719404,Low
U008717,0.05873665750116961,Low
U008304,0.05870731338730597,Low
U009400,0.05862549054756987,Low
U001455,0.058532397778676304,Low
U000650,0.058245129378570425,Low
U009795,0.058201779102617354,Low
U007892,0.057878645008622866,Low
U002612,0.05785427501269649,Low
U003317,0.0578282770193805,Low
U002962,0.05773093840520131,Low
U008703,0.05756453576752008,Low
U005809,0.057554115415888674,Low
U006618,0.05732306080214971,Low
U002061,0.057292229832300846,Low
U007468,0.05700210274999257,Low
U008841,0.0564547411373064,Low
U007205,0.05609923791856972,Low
U000199,0.05602590376380506,Low
U004969,0.055941846419991385,Low
U001763,0.055446447008688116,Low
U003015,0.05535922858516548,Low
U002362,0.055157407290066233,Low
U004336,0.05465141273759443,Low
U003811,0.05437508886090042,Low
U000749,0.053927694567660396,Low
U006784,0.05384436860973898,Low
U000734,0.053807471830733894,Low
U003109,0.05321954120064005,Low
U003631,0.053085320962194996,Low
U009878,0.05304537026222639,Low
U006926,0.050811815699631495,Low
U003731,0.05072077399434815,Low
U000889,0.05070843961695269,Low
U002424,0.0502459202658281,Low
U007621,0.05010595229382053,Low
U009513,0.04957432461324332,Low
U008836,0.04829495107601584,Low
